comment,date,source,rating
"Powerful Performance in a Sleek Design. The Redmi 13C in Stardust Black is a powerhouse in terms of performance and design. With 6GB of RAM and 128GB of storage, this phone handles multitasking and storage needs effortlessly. Powered by the 4G MediaTek Helio G85 processor, it delivers smooth and lag-free operation, whether gaming, streaming videos, or using multiple apps simultaneously. The sleek design and Stardust Black color give it a premium look and feel. The display is vibrant and sharp, perfect for enjoying multimedia content. The camera captures detailed photos and videos, even in challenging lighting conditions. Overall, the Redmi 13C offers excellent value for money with its powerful performance and stylish design. Highly recommended for users looking for a reliable smartphone with impressive features!",22-06-2024,amazon,5
"Good mobile in this price segment. I purchased this mobile to play free fire, it runs very well in standard quality, but there is no game turbo, voice changer, split screen option in this mobileüò≠, it stacks and restart when I open and using a heavy apps, average camera quality but best quality in this budget range, slow downloading on mobile data, battery backup is not bad.  but I liked this phone in this price segment.Review after using 7 days",18-03-2024,amazon,4
"Value for money. Nice camera, sound, value for money mobile. Ease of use...",17-06-2024,amazon,5
"Phone Review. I am also seller on Amazon, I know the value of rating , Rating is helpful for seller, increase the growth and by this other customer satisfaction and customer purchase the product without any doubt, Redmi 13C it is gud phone under this price, battery quality, camera, and charging, everything is best, so without any thinking and discussion purchase this phone, thanks sumit Arora From Anaya Fashion Collection",11-06-2024,amazon,5
"Nice phone. This phone is one of the best phone under 20000,the camera is also nice but this phone is a bit laggy , but overall it's nice and can work for 2 years very easily.",20-05-2024,amazon,4
"Good. Camera is not so good , features, speed, body is good.",05-06-2024,amazon,3
Superbb. Excellent phone and camera,19-06-2024,amazon,5
"13C 6/128gb. After 3days of usage for 6/128gb phone myoverall experience is good whether it comes in terms for camera clarity, games, phone system processor.,display quality is very good as compare to price range of this phone. No heating issues and no lagging issues were found till nowCons -speaker Sound of this phone is not upto the mark quality need to be improved .Battery üîãdrains very early as compare to other phones with same battery size. As I have to charge my new phone twice due to heavy internet usage.üîã‚ö° takes approx more than 2hours to be full .No quick charging is there in this phone.Overall we can consider this phone if u are okay with the battery üîãin this budget.",04-06-2024,amazon,4
Affordable. Appearance of mobile is good and quality of sound is just ok mobile is not hanging  ease of use overall good mobile in affordable  budgetNo heating problemTouch is goodBattery life is the biggest  problem  if we see 10 minute  video battery drains quickly  from 80 to 60 I faced personally,17-06-2024,amazon,4
Good one. Nice,22-06-2024,amazon,4
Looks awesome. Overall well performance,22-06-2024,amazon,4
Mi 13c 4g white color 4 128. White color is superb suits this model üëç,20-06-2024,amazon,4
"Value for money. Only thing to be improved is camera quality, which is not looks like 50MP, other than that All goodüëç",14-06-2024,amazon,4
Good for this price. Camera quality good for this price .battery life good .looking good .,12-06-2024,amazon,4
Reasonable price. Good quality phone in an affordable price. Picture quality is not great. But overall it is worthy to invest.,12-06-2024,amazon,4
Ok. Ok,15-06-2024,amazon,4
"Split screen nhi hai.. No split screen supported.System apps update only on settings.Play Store me sab app ka update chahiye tha.18 watt charger de dete ,100-200 le kar .Although spend money on 5g not in 4g .Redmi UI is worse than others.If you have money buy Samsung f14 5g and potronics charger and type c cable.If you are broke then go for it . This is not bad.A/C to price this is the best phone so far.",17-05-2024,amazon,4
Fantastic. Nice Phone,13-06-2024,amazon,4
Value for money. Nice mobile,18-06-2024,amazon,4
Value for the Money. Good product. Display could have been better.,13-06-2024,amazon,4
Low Budget Best Mobile. This is a very good mobile. The look is quite good. Performance is nice also it could run BGMI. Overall Good Performance of all. Happy to buy it .,31-05-2024,amazon,4
Best. But sound is very low,08-06-2024,amazon,4
Super. Just ok,10-06-2024,amazon,4
Nice color. Touch is not that good,21-06-2024,amazon,4
Good. Good performance mobile,19-06-2024,amazon,4
Best phone under Rs 10000. One person found this helpful,12-06-2024,amazon,4
Phone. Good phone,04-06-2024,amazon,4
Gud product. Gud product,29-05-2024,amazon,4
Excellent product. This is a perfect product for the money spend and the my requirements for personal and professional usage. Highly recommend,23-05-2024,amazon,4
Good product. Value for money. Best budget phone. Good quality camera,27-05-2024,amazon,4
Good product. Good product,25-05-2024,amazon,4
Best. Best,23-05-2024,amazon,4
"Nice Phone. Good features. Display, Camera,Storage all are good. Perform smoothly.",19-05-2024,amazon,4
"Good moble. Nice moble this bugut,  üëå",20-05-2024,amazon,4
"Redmi 13c. Value for money, what else can you expect from a 8k phone. Camera and screen quality could have been better.",20-05-2024,amazon,4
BEST PRODUCT. .,22-05-2024,amazon,4
Absolute condition. Product quality good.Charging not upto mark.Memory good.RAM sufficient.Internet connectivity good.Quiet heat wave.,13-05-2024,amazon,4
Good product. Just purchased. So far it's good.Let's see will keep you'll updated,14-05-2024,amazon,4
"Budget mobile for light use only. Product : Redmi 13C (Stardust Black, 4GB RAM, 128GB Storage)Seller : Darshita MobilesDate of purchase :April 2024Price @ time of purchase :‚Çπ7699In Box contents : Mobile , Adapter , Cable , Sim ejector pinPros :  1.Camera is good.  2.Battery is satisfactory  3.Light weight easy to carryCons :  1.lager bezels  2.fast charger not included  3.Some lags are found during operationThis review is entirely my true experience with the product and not for promotion.",18-04-2024,amazon,4
Good. Good,16-05-2024,amazon,4
Good product. Camera awesome,21-05-2024,amazon,4
Redmi mobile. Purchase this product because it's sufficient for used,15-05-2024,amazon,4
Worthy. Good product,16-05-2024,amazon,4
"Affordable for Features. Good to handle, Large Screen, Memory size is good, Features are good for the cost.May be Picture quality and Battery needs to be improved in the next version, Camera Popup frame is little unsafe",29-04-2024,amazon,4
Bought for my mother. Screen quality is nice and a perfect buy for the elders.,10-05-2024,amazon,4
Good product. Features are good.,13-05-2024,amazon,4
Ok. Value for money,08-05-2024,amazon,4
Good. Good,08-05-2024,amazon,4
Nice Product. Nice Product,04-05-2024,amazon,4
Very good collection. Nice features good looking battery backup also good overall perfect mobile üì± go for it,29-04-2024,amazon,4
Better  mobile. Good working internet calling,26-04-2024,amazon,4
Great mobile. Awesome mobile in this budget camera quality very nice,21-04-2024,amazon,4
"Worth it. Sound quality need to improve. Otherwise, best product for this value.",23-04-2024,amazon,4
"Performance. Phone is good at this price range, its affordable",02-05-2024,amazon,4
"not as expected. it shows 8 gb ram, i expected it will not face lagging issue, i just used for two days and its not at its expectation",20-06-2024,amazon,3
Good mobile. Camera like is not good... Except that the phone is very goodüëç,22-04-2024,amazon,4
Super. Nice product,04-05-2024,amazon,4
OK.. Can buy this .,06-05-2024,amazon,4
Redmi 13. The phone performance is very nice,30-04-2024,amazon,4
I like this. In this price the phone is very good. Ram and Rom is enough in this price range. Camera is quite good. Battery backup is very nice.,13-04-2024,amazon,4
Mobile is good but sound less. All are good but sound less,01-05-2024,amazon,4
Very Nice. Quality,07-05-2024,amazon,4
Nic. Good,28-04-2024,amazon,4
"Worth the money. An average phone at quite a cheap price.Best for people with limited use of smartphone. Camera is Ok, overall Good performance, Battery could have been better.",02-05-2024,amazon,4
"Sound volume low. I have used redmi 9 power before, and this phone has also low sound, unable to hear ringtone in busy road.",05-06-2024,amazon,3
"Best Smartphone. After redmi5 brought this one, good and worthy.. Battery and camera okay level",16-04-2024,amazon,4
Voice not clarity. Poor signals catching. Model and camera gud.Signal catching poorVoice problem,20-06-2024,amazon,3
Good. Good product nice hand set Thank you,19-06-2024,amazon,3
"Superb product, good features. Awesome product, very nice look, totally I loved it thank u Amazon with good featuresüëåüëåüëåüëåüëçüëçüëçüëçüëçüëåüëçüëåüëåüëçüëåüëçüëçüëåüëåüëçüëåüëçüëçüëçüëçüëåüëåüëçüëåüëçüëçüëçüëçüëåüëåüëçüëåüëçüëçüëçüëçüëåüëåüëçüëåüëçüëçüëçüëçüëåüëåüëçüëåüëçüëçüëçüëçüëåüëåüëçüëå superb quality, nice packing, faster delivery",23-06-2024,amazon,5
Master Piece... Master piece in this small budget...Loved the body and Battery Performance... I gifted to my Mom..She is happy user...Thank you Amazon and Red Mi,17-06-2024,amazon,5
Camera not upto expectation. Camera not good,11-06-2024,amazon,3
Average phone..processor too slow.. Processor too slow,22-06-2024,amazon,3
"Price Worthy. Good product with 256 GB memory, 8+8 GB RAM. But camera quality is not very good.",20-04-2024,amazon,4
A phone with good camera and battery. Purchased the product a month back. IN daylight it is difficult to see the screen even if put for good brightness.,10-04-2024,amazon,4
"No guide book inside box.the seller didn't give info about product. Not satisfied because the seller didn't give brochure or guide book.even buttons in the cell phone not known to the customer.The seller gave some box mentioning 8 gb ram 128 gb volume. The box is not relevant to selling item.  NO GUIDE BOOK,NO BROCHURE,HOW TO START THE PHONE..Amazon  has to re think to give order to ""Darshita Assiyana pvt ltd,chettipalayam,coimbatore.""Basic sense of backing not available. I think they have sold very old stock.Existing cell send to customer",30-04-2024,amazon,3
Nice Phone. BrightnessSmoothnessCameraQualityPerformanceFingerprint sensor,18-04-2024,amazon,4
"Low sound quality. Very very low sound quality, but ok.",20-04-2024,amazon,4
"I m fed up with this.. If you can see the uploded screenshot their is promt,"" press again to exit"". The prompt is normal, however it remains on the screen for very long time. Similar promot Or notification appers while using many other apps and it literally covers screen. Especially keyboard. Can anybody explain what kind of notification is this and how to get rid of it?",08-05-2024,amazon,3
Good. Report,20-04-2024,amazon,4
My opionion is 50-50. These mobiles consumes more memory  and heats very well and slow charge because of 18w charger,02-06-2024,amazon,3
good value for money nothing special. nothing special. good value for money,23-04-2024,amazon,4
"Camera not Clear. Camera clearity is not perfect, performance is best.",19-04-2024,amazon,4
Great Phone. Good phone packed with features at this price,16-06-2024,amazon,5
Mobile. The mobile is usable for office work not for gaming purpose and is very light weight,15-06-2024,amazon,5
"Best for old people. I like it,, it is best for old people,, average in games",11-04-2024,amazon,4
Not good. Last December i purchase the phone.till the february the call recording app was not working.,06-05-2024,amazon,3
It's ok. Gsbs ss s,12-04-2024,amazon,4
Packaging. Packaging was not Good Product was ok,13-04-2024,amazon,4
Good product. Did not receive fast charger. Only received normal charger,04-06-2024,amazon,3
The best phone. Minde blowing,16-04-2024,amazon,4
Arshad rajah. Best üòúvalue for money,26-03-2024,amazon,4
Worth purchasing... Go for it!‚≠ê‚≠ê‚≠ê‚≠ê‚≠ê,12-06-2024,amazon,5
Phone looking beautiful ‚ù§Ô∏è‚ù§Ô∏è‚ù§Ô∏è‚ù§Ô∏è‚ù§Ô∏è. Battery üîã ok.Camera nice üëçüëçüëç.But Redmi All Model Network issues.......that is bad point for me........,15-03-2024,amazon,4
Very nice. Awesome,30-03-2024,amazon,4
Complete package phn cover missing. Looking Good,18-03-2024,amazon,4
Worth buying. Worth buying at low price,08-06-2024,amazon,5
Value of money. Low display quality,01-06-2024,amazon,3
Nice. Camera quality good and bettery back up ok everything is good,31-05-2024,amazon,5
Product quality. Such a nice product. I got same product as mentioned in picture platform's site..üëåüëç thanks amazonüôÇ,13-06-2024,amazon,5
Overheats a lot...... The overall phone design and appearance looks perfect but the most Important and frustrating thing is it's problem of overheating just after using it for 30-40 ?mins.... I also experienced a bit of framedrops while watching YT and the screen laggs often.,06-05-2024,amazon,3
Comment,Date,source,
ÿßŸÑÿ≥ÿπÿ±,23-06-2024,facebook,
Price?,25-06-2024,facebook,
Price,25-06-2024,facebook,
,25-06-2024,facebook,
Hiii,25-06-2024,facebook,
When is it available in Iraqi markets?,25-06-2024,facebook,
Xiaomi in 2024 deliberately disabled millions of smartphones with an update to the Hyper Os operating system,22-06-2024,facebook,
"I have installed  version update in my mobile Redmi note 11 pro Plus, after that the sound of calling speaker has become very low and dual speaker is also not working.. Please give any suggestion for this.",25-06-2024,facebook,
"My mobile redmi note 13 4G, incoming call after display on.. But incoming call running time lock screen time cover after display off. Proximity sensor not work - please give any suggestion for this.!",25-06-2024,facebook,
Greetings from Poland - I am your big fan  (Redmi Note 8T is the best),25-06-2024,facebook,
"Wow , that's awesome!",25-06-2024,facebook,
This is we can insert the sim?????,25-06-2024,facebook,
Great news,25-06-2024,facebook,
"I do not advise anyone to buy Xiaomi phones because they have many problems. My phone stopped working for no reason, and when I inquired about the reason, they told me that it was a problem with the processor. This problem is from the company and happe‚Ä¶",25-06-2024,facebook,
"Hola, siento escribir en tu timeline, pero te tengo que decir la verdad, siempre comparto publicaciones geniales.    Me qued√© impresionado cuando vi tus maravillosas publicaciones y hermosas fotos.    Ser√≠a muy feliz si te convertieras en mi amigo.    ‚Ä¶",25-06-2024,facebook,
ÿπÿßŸÑŸÖŸä,25-06-2024,facebook,
post mi 10 note all phones hav defective OS full of bugs it hangs a lot also so many mistakes in os .. no one to support in india .. no replacemnt or rt retuns .. worst cameras,23-06-2024,facebook,
Xiaomi 14 lite delay,23-06-2024,facebook,
Checkout on this shop on Shopee! Xiaomi Mi Online:,23-06-2024,facebook,
SIM Support Korle vlo hoto.,23-06-2024,facebook,
"Useless  and Pathetic brand and service,Even after 1 year Xiaomi 11T mobile phone has stopped  working,and Service  centers doesn't bother  to  solve this problem.",23-06-2024,facebook,
Does it have a SIM slot???,23-06-2024,facebook,
How do I check if my xiaomi is the original one?,23-06-2024,facebook,
This tablet have a problem with the game Fortnite,24-06-2024,facebook,
Wow! I want one tablet please,23-06-2024,facebook,
"Mending sih ukuran layarnya pas 12"",lalu resolusi layar 2K aja&Chipset pakai 7 gen 3 plus bisa tambah micro SD/ada varian 512gb",23-06-2024,facebook,
Price please,23-06-2024,facebook,
Super Xiaomi,23-06-2024,facebook,
"Does it have screen not responding problems because that's why I haven't bought a new Xiaomi phone again, my current one is frustrating.",23-06-2024,facebook,
ÿßŸÑÿ≥ÿπÿ±ÿü,23-06-2024,facebook,
The new ROM is not capable with ui and systems operation,25-06-2024,facebook,
"U Xiaomi jsem u≈æ hodnƒõ dlouho, st√°le m√°m doma funkƒçn√≠ Mi 6  . Nikdy ≈æ√°dn√Ω probl√©m a 14 Ultra ta je v√°≈ænƒõ ≈°piƒçka .",25-06-2024,facebook,
"Useless, making tablets without pen, making tablets without a SIM connectivity.",25-06-2024,facebook,
"Lots of complaints, this must be a terrible product indeed.",23-06-2024,facebook,
"HyperOs is totally a garbage. I just bought my redmi note 13 pro 5G last February, everything is fine and smooth. After the update from MIUI14 to HyperOs it started to lag. Battery heat too fast. It freezes when playing heavy games like PUBG, MOBA, and‚Ä¶",23-06-2024,facebook,
"Hi, my mobile got xiaomi hyperos update, after that when i update my mobile the home button of my mobile doesn't work and the mobile gets hit, any solution please?",23-06-2024,facebook,
Horrible HyperOs,23-06-2024,facebook,
Redmi A3 never buy redmiA3 ito na yata pinaka pangit na unit na ginawa ng xiaomi redmi sobrang gapang facebook palang naka install grabe ang pangit talaga ng performance di efficient nag huhung parang mumurahing celpon masmaganda pang bumili ng infinit‚Ä¶,23-06-2024,facebook,
"Brother's, why not support lmc camera the + 5G Model..",25-06-2024,facebook,
Super cool,25-06-2024,facebook,
Chega SP Brasil Anatel,25-06-2024,facebook,
So no android ?,23-06-2024,facebook,
How much?,25-06-2024,facebook,
Cuando sacan m√≥viles con SNAPDRAGON ?,25-06-2024,facebook,
Hiiii,24-06-2024,facebook,
Still limited to Xiaomi 14 (Ultra) only or not?,23-06-2024,facebook,
N√£o recomendo um xiaomi nem ao um inimigo .,25-06-2024,facebook,
"Useless and pathetic brand and service, even after 1 year, Xiaomi mi 11 lite  mobile phone stopped working, service centers don't care to solve this problem.  My brother has the same problem",25-06-2024,facebook,
Cmmmmm comment boookbaeerkisix loup.boolpourrtteeebupgzrnkumaer,25-06-2024,facebook,
Left looks formal,25-06-2024,facebook,
I like 13 ultra...I'll save for it,25-06-2024,facebook,
What's the difference both,25-06-2024,facebook,
Both of course,25-06-2024,facebook,
I will pick between,21-06-2024,facebook,
I think is right,21-06-2024,facebook,
Can I pick both?,21-06-2024,facebook,
I Accept Gifts,21-06-2024,facebook,
Both of course,22-06-2024,facebook,
Model,25-06-2024,facebook,
I have one of the Xiaomi it's good but I'm in search of an advanced model in Pakistan.,25-06-2024,facebook,
Can I get Xiaomi 13 lite spare parts (body frame). It is necessary for my device.,25-06-2024,facebook,
I want them all..+ Redmi note 13 pro plus,25-06-2024,facebook,
Je choisis celui de droite,21-06-2024,facebook,
Both are good,25-06-2024,facebook,
I think they are same,25-06-2024,facebook,
‡§ï‡§∞ ‡§≤‡§ø‡§Ø‡§æ ‡§π‡•à,25-06-2024,facebook,
Price please,21-06-2024,facebook,
I pick both,25-06-2024,facebook,
Price,21-06-2024,facebook,
"both is Xiaomi, both.",21-06-2024,facebook,
Gift me this phone,25-06-2024,facebook,
I'll take both,21-06-2024,facebook,
What is the difference,25-06-2024,facebook,
Left and right,21-06-2024,facebook,
ÿ¥ÿßŸàŸÖŸä ÿÆÿ±ÿØÿ© Ÿäÿ≥ÿÆŸÜ ÿ¨Ÿáÿßÿ≤ Ÿàÿ≠ÿØŸà,25-06-2024,facebook,
Both,25-06-2024,facebook,
Which model?,25-06-2024,facebook,
gi·ªëng m√¨nh v√£i,25-06-2024,facebook,
Kanan,25-06-2024,facebook,
Non of both,25-06-2024,facebook,
I want vivo x100pra,21-06-2024,facebook,
"Left hand pick left, Right hand pick right",21-06-2024,facebook,
"This is the worst mobile ever, you will regret it after buying it, so it is better to avoid it Because I am using note 13 and it hangs many times",21-06-2024,facebook,
Wow good model mobile   Xiaomi 14 ultra I like this mobile,21-06-2024,facebook,
No problem both are Niiiiiiiiccccccceeeeeeeee,21-06-2024,facebook,
Khit ano po left or right...i luv xiaomi.any device.can i have one of them..for gift.thank.and godbless..,21-06-2024,facebook,
Overpriced item,21-06-2024,facebook,
Today i buy a mi 14 pro,25-06-2024,facebook,
ŸÑŸäÿ≥ ŸÑÿØŸä ÿßŸÑŸÖÿßŸÑ ÿπŸÜÿØŸä ÿ±ŸäÿØŸÖŸä ŸÜŸàÿ™ 10 ŸáŸÑ ŸäŸÖŸÉŸÜŸÉŸÖ ÿßÿπÿ∑ÿßÿ¶Ÿä ÿßŸÑÿ∞Ÿä ÿπŸÑŸâ ÿßŸÑŸäŸÖŸäŸÜ,21-06-2024,facebook,
Right,25-06-2024,facebook,
Both are same,21-06-2024,facebook,
Left as they say.,25-06-2024,facebook,
ÿßŸÑŸäŸÖŸäŸÜ,21-06-2024,facebook,
They both great but left for me actually,25-06-2024,facebook,
Note10 light I want,21-06-2024,facebook,
Nice Lovely,21-06-2024,facebook,
Congratulations Xiaomi!!!,21-06-2024,facebook,
congrats And more to come,21-06-2024,facebook,
Thank you for Bagde...,21-06-2024,facebook,
Best phone for me now,21-06-2024,facebook,
we are ao inlove with xiaomi,21-06-2024,facebook,
‡πÄ‡∏¢‡∏µ‡πà‡∏¢‡∏°‡πÄ‡∏•‡πà‡∏¢‡∏Ñ‡∏£‡∏±‡∏ö,21-06-2024,facebook,
Congratulations,21-06-2024,facebook,
Xiaomi is great thank You so much,21-06-2024,facebook,
wow i like it this phone pls sponser,21-06-2024,facebook,
my name is ashebir,21-06-2024,facebook,
Well,21-06-2024,facebook,
Congrats xiaomi,21-06-2024,facebook,
Congratulations xiaomi love you xiaomi,21-06-2024,facebook,
Mobile Phones,21-06-2024,facebook,
,25-06-2024,facebook,
Nice,25-06-2024,facebook,
Noice,25-06-2024,facebook,
Congratulations Xiaomi...,25-06-2024,facebook,
Congratulations Xiaomi  I wish I can buy  phone,25-06-2024,facebook,
congratulations xiaomi! my dream phone..,21-06-2024,facebook,
Sir tell me about your mi browser,21-06-2024,facebook,
These gaming phones are best in low price,21-06-2024,facebook,
I love Xiaomi,21-06-2024,facebook,
THE BEST XIAOMI !,21-06-2024,facebook,
Good to see you,21-06-2024,facebook,
Congratulations xioami..,21-06-2024,facebook,
Congrats,21-06-2024,facebook,
Congrats!!,21-06-2024,facebook,
"Keep up, Xiaomi.",21-06-2024,facebook,
Wow,25-06-2024,facebook,
,24-06-2024,facebook,
.,24-06-2024,facebook,
Nada Zaiter,16-06-2024,facebook,
"Problem is still politics in Europe why Chinese EV cars are not much sold spec.here in Sweden, what is the problem with Chinese EV cars BYD, XPENG and fue others got 5 stars in EuroNcap safety test full points problem is politics in Europe because they‚Ä¶",24-06-2024,facebook,
Hi  I am Dom from Germany,24-06-2024,facebook,
ÿ¨Ÿáÿßÿ≤ ÿ±ŸäÿØŸÖŸâ ŸÜŸàÿ™ 13 ÿ®ÿ±Ÿà ÿ®ŸÑÿ≥ ÿ∫Ÿäÿ± ŸÖÿ™ŸàŸÅÿ± ŸÅŸâ ŸÖÿµÿ±,24-06-2024,facebook,
Brazilians love products from China,24-06-2024,facebook,
Nice,24-06-2024,facebook,
Xiaomi lo mejor de lo mejor,24-06-2024,facebook,
Que se tenga teslaaaaaa,24-06-2024,facebook,
The road you have walked will become the scenery in your memories; all your experiences will become your wealth; the burdens you once had will become your gifts; the suffering you have suffered will illuminate your future path.,24-06-2024,facebook,
Xiaomi,24-06-2024,facebook,
Success xiaomi,24-06-2024,facebook,
Great,24-06-2024,facebook,
Good,24-06-2024,facebook,
WOW,24-06-2024,facebook,
Cool,24-06-2024,facebook,
The best,24-06-2024,facebook,
Xiaomi is great!!!!,25-06-2024,facebook,
Excell√®nt  &  beautiful    !,24-06-2024,facebook,
Hm is that??,25-06-2024,facebook,
very very beautiful,25-06-2024,facebook,
Xiaomi Egypt,25-06-2024,facebook,
how much ya,25-06-2024,facebook,
chookhiamyap@gmail.com Redmi watch,25-06-2024,facebook,
I have also Xiaomi Mi 12 Pro phone and it's awsome,24-06-2024,facebook,
I love ur phone,18-06-2024,facebook,
tok lihai juak bro,24-06-2024,facebook,
Across Spain!,24-06-2024,facebook,
hope you added a skip button for skip ads,24-06-2024,facebook,
keren sumpah,24-06-2024,facebook,
Seems to be a Porsche Taycan made by Xiaomi,24-06-2024,facebook,
Xiaomi is luxury,24-06-2024,facebook,
Will be full of bugs like their phones!,24-06-2024,facebook,
will that lags like Xiaomi phone or filled up with bugs,25-06-2024,facebook,
The counter of tesla hahaha,25-06-2024,facebook,
I want to buy 3 pieces,25-06-2024,facebook,
xiaomi products have quality issue!,25-06-2024,facebook,
Rest 10 yrs,25-06-2024,facebook,
ÿ±Ÿàÿπÿ©,25-06-2024,facebook,
Fastest charger ever in a car.... As a blessing of electric car,25-06-2024,facebook,
Barcelona,25-06-2024,facebook,
Seat soft leather camel color,24-06-2024,facebook,
Love,24-06-2024,facebook,
Keren,24-06-2024,facebook,
"Xiaomi you nailed it, thumbs up",24-06-2024,facebook,
ÿßŸÜÿß ÿπŸÜÿØŸä ÿ™ŸÑŸÅŸàŸÜ Xiaomi ŸàŸÑŸÉŸÜ ÿ®ÿ∫Ÿäÿ™ ŸÜÿπÿ±ŸÅ ŸÉŸäŸÅ ŸÜÿπŸÖŸÑ ŸÜŸÉÿ®ÿ± ÿßŸÑÿ¥ÿßÿ¥Ÿá ÿßŸÑŸáÿßÿ™ŸÅ ŸÖÿßŸÑŸä ŸÜŸÖŸàŸÜ ŸÜÿ™ŸÅÿ±ÿ¨ ŸÅ ÿßŸÑŸÅŸäÿØŸäŸà ÿπŸÑŸâ ÿßŸÑŸÅŸäÿ≥ÿ®ŸàŸÉ ÿ£ŸàÿπŸÑŸâ ŸäŸàÿ™Ÿàÿ®,24-06-2024,facebook,
It should be Gasoline,24-06-2024,facebook,
If that going to work like mine xiaomi 12 ...well f*** that s***..good luck,24-06-2024,facebook,
Xiaomi '' good,24-06-2024,facebook,
Xiaomi king,24-06-2024,facebook,
Su7,24-06-2024,facebook,
my house,24-06-2024,facebook,
Next stop MWC24,25-06-2024,facebook,
Gondo!,25-06-2024,facebook,
Copy-Paste Porsche Taycan   can‚Äôt make nothing original‚Ä¶.,25-06-2024,facebook,
Comment,Date,source,
"Redmi Home in RDC Ghaziabad stands out as a reliable and customer-centric destination for all things Xiaomi. The store's inviting ambiance, coupled with a well-organized layout, creates a pleasant shopping experience for customers. ‚Ä¶",26-02-2024,google,
This mi home company outlet please vist this store....staff very helpful & behaviour also good......,27-03-2024,google,
Nice store products unique..,26-02-2024,google,
"Best place to buy Mi phones and other products. The store recently opened in rajnagar.
Staff is very helpful and friendly and offers best price. ‚Ä¶",27-06-2019,google,
Very helpful staff all,26-02-2024,google,
Very sportable staff special krishan kumar very good behavior,26-02-2024,google,
Best phone redmi note 13 pro+ü•≥ü•≥staff very helpful ‚Ä¶,27-01-2024,google,
"Went to store today to buy phone, unfortunately I was not carrying my ICICI Bank credit card for discount. Store executive Harsh was very helpful he came to my house along with swipe machine and new phone to deliver the same to me. I swiped the phone outside my home and he delivered the phone to me. Thanks for wonderful service.",26-06-2023,google,
Phone r good.....redmi note 13 series,27-01-2024,google,
This place is Good to Purchase or Connect with Mi..... üëçüèª ‚Ä¶,27-01-2024,google,
Good but not best,26-04-2024,google,
Great experience with guys Harish...He is so politely attend and he so good behavior with me and explain all the offer. That's why I purchase redmi note 12.  I'm very happy with this.... Thank you,26-06-2023,google,
Good behavior spesly kirshan,26-02-2024,google,
"I have purchased note 12 pro plus yesterday from mi store from Mr. Harish.
He is so nice and polite..... He specially came to give my phone at a different location and waited for so long.... Thank you so much.üòä ‚Ä¶",26-06-2023,google,
"The 'Trio' behind me is one of the best 'Team' I have ever come across, honest and selfless. Thank U team for the great experience at your store!!",#VALUE!,google,
Nice store... Nice experience.,27-01-2024,google,
Staff is very good behavior,26-02-2024,google,
Good customer service experience.....,27-06-2019,google,
"Worst behaviour........cash counter people...... Gossips to customer .....very bad experience.
Staff looks educated but are very rude and should learn the way to talk. ‚Ä¶",26-06-2021,google,
I visited the MI store to buy a TV but they don't have the latest Model on display. I was planning to buy a new 5A model but they showed me the old model. Although they explained all the features.....,#VALUE!,google,
"On 9th Feb at around 7:10pm I visited to buy a mobile phone under 20k budget but sales person was not interested to show anything and even I asked him number of times to show me some mobile phone but he ignored me like I am invisible.
I was with two of my friends and we were surprised to see such ignorance.",26-06-2022,google,
"May be mi will be good but they give's Worst installation service, just only because that's free. If you guys going to buy mi product then call any private man for installation because mi service's is worst in comparison to any other. They only can gives excuses to their customer.",26-06-2020,google,
Bad services. Staff is very arrogant. They just try to lure you to buy products and as soon as you bought something and got any issue they will not entertain you. ‚Ä¶,26-06-2020,google,
Sales personnel was not interested in selling . Very cold response. That's why Mi market is going down .,31-07-2023,google,
"Good place for Xiaomi Lovers. They have variety of phones and laptops. Showpiece are also available to check on. But they have standard Xiaomi discounts, ie. lower than e-commerce sites and other brands like Croma, Vijay sales, etc. Otherwise place is good to go.",26-06-2022,google,
Thanks for sharing your experience,27-01-2024,google,
"The store is well maintained but the staff is highly unprofessional and rude in behaviour.
I just visited the store with intent to buy a new mobile phone and a TV , but ‚Ä¶",26-06-2020,google,
"Woow this is so good that company opened his MI HOME.
I experienced and i feel good, they attend us very respectful.
Now we no need to buy another store in extra money.  The give us phone above ‚Ä¶",27-06-2019,google,
"I really feel so much happy meet with everyone, they give us solutions for finance. Even I came to buy for 32"" And they told me about Bajaj finance. And I convert in 43"" Led TV.  And one more thing they treat us so good.",27-06-2019,google,
How come they give you a non working television when it got stamped QC tested. Took me 14 days to get a replacement. Plus the picture quality is not that great... Better to go for Samsung or Sony. I will not recommend it a bit. Customer care is hopeless and clueless,26-06-2020,google,
#ecommerce ..  very good service. Just one hour delivery for my new laptop. Customer centric interaction by Rishipal  from MI store RDC and Nitin Singh.. in the crucial scenario of Corona pandemic also they perform thier duties well. Hatts ‚Ä¶,26-06-2021,google,
"A very good showroom of Mi electronics.
All Mi products are available in one hood with same prices of Mi online stores.
Staff behaviour is good and they can give u full detials of product and can ‚Ä¶",27-06-2019,google,
Near our house perfect mi home loving it,27-06-2019,google,
"I found this store exceptionally good in terms of personalized attention towards customer, neat and tidey store with wide range of products, the team members are professional, always smiling, ready to serve attitude, helping customer with ‚Ä¶",26-06-2020,google,
"Today i bought 43inch mi ultra hd tv, before buying the product i request the staff to install the product today only as it is a gift for my parents on the occasion of there anniversary, first they said they can install today but after ‚Ä¶",26-06-2020,google,
"I walked into the store and met Mr Ranjit Singh, store representative. Found him to be knowledgeable and we spoken. He guided me to the right product according to my need. ‚Ä¶",27-06-2019,google,
"This is so nice that company opened own Showroom at RDC, this is so beneficial for us. And I am Xiaomi lover. Today I gone to Mi home RDC to buy Redmi Y2 and Mr.Gaurav attend us so politely even all staff behaviour are so good. Thank-you",27-06-2019,google,
"I visited on 20-March-19 to buy redmi note 7, believe me this is best Store in GZB with some of professional and good staff. I brought note7 and m quite happy with its performance.",27-06-2019,google,
"Services are very best.
Even they all were there in time.
Security behaviour was vary good ‚Ä¶",27-06-2019,google,
"Staff is gud... And I like the way they explained me about the phone with honesty.
Lots of mi option on one place. Nice showroom of mi to visit all items at one place.",27-06-2019,google,
"Mi Experience center at RDC Rajnagar is extremely well placed, full of life changing products available on display for real life experience. Im glad to own some if them & looking forward to own many more such great products.",27-06-2019,google,
The new note 7 pro is amazing. It Has a beautiful eye catching appearance. It's picture quality is heart taking. I loved it,27-06-2019,google,
"Had a positive experience at this store.Staff is quite active and respectful.
Also ,Mr Gaurav Sharma's efforts were appreciable.",27-06-2019,google,
"That's is authorised store of MI there is available of mi gudgets like mobile phone power bank, tablet, mobile accessories, music system, LCD, T.V etc
If you want to bye MI product so you need to come here",26-06-2021,google,
I have given two stars less. because the staff does not show any interest to their customers and have very Dull behavior.,26-06-2021,google,
"Good service and amazing  store
I Am also visit  RDC Gzb mi Store
Sir please  inform kro 10 may ko store open hoga?",26-06-2021,google,
Mi store service very good and also Mr. Jitendra dealing customer very good. I am happy mi service. Thnks  to mi company for better products.,27-06-2019,google,
Nice staffs,#VALUE!,google,
"I am very happy with MI commerce facility.
Excellent facility delivery your favourite mobile at your home thanks vipul . good job",26-06-2020,google,
"# mi commerce its a very nice service...I was recently served by mr. Rishpal Singh.
He is really nice and friendly person.",26-06-2020,google,
"It was nice to go there ...great experience , skilled staff .....just try it once",#VALUE!,google,
Very nice and supportive service with great customer service.. Keep up the good work.,26-06-2021,google,
"#micommerce best series  10/10 .. meet with Rishpal Singh, He is very nice guy giving me  best response and good knowledgeable person.",26-06-2020,google,
#mi commerce  it's a very good service delivery time to time and very good nature Mr Rishpal Singh very good all's staff,26-06-2020,google,
"Very good staff, very friendly. Each and every detail of the product was explained. Very good way of talking. (Salesman- rishpal singh)",27-06-2019,google,
"Availability of the devices is good.
Behavior of staff is excellent.
Commitment is on priority and delivered product at doorstep...thanks",26-06-2020,google,
"Friendly environment
Good service",27-06-2019,google,
"Very nice place , nice place to purchase  try to meet rahul pandey sir for full specification and clarification . gentle man .   I m in love with mi",26-06-2021,google,
"Well connected place, but not much discount.",30-08-2023,google,
#micommerce rishpal singh nice guy managing all protocols which are required in this current situation. Very much thankful to him,26-06-2020,google,
Thanksgiving nice service,26-02-2024,google,
It's amazing store then environment are owsm staff member mr rishpal very sporting then good knowledge thanku mi,27-06-2019,google,
Staff is so good and special thanx to mr. Ranjeet ji he feel so comfortable with him and he attend us so beautifully.,27-06-2019,google,
"Very good place having all MI gadgets ....
Very helpful crew members ..mr.ranjit gives full efforts for customer satisfaction.",27-06-2019,google,
I had the brilliant experience by Nitin Singh he his good customer handling experience to support the customer,26-06-2021,google,
How nice this place..the staff is so friendly and helpful. They are really hardworking people.,27-06-2019,google,
#mi commerce it's a very good service  with delivery time to time and staff behaviour very good thanku mi home,26-06-2020,google,
So much supported staff specially ranjeet ji. He helped me. And store is so nice.,27-06-2019,google,
Staff is very cooperative and great experience visiting MI home. Keep us the good work!!,27-06-2019,google,
Wonderfull store n delightful staff with customer friendly behaviour ..thanks preet,27-06-2019,google,
Mi home is a very owsm then all model r available in our store and very nice mi home staff,27-06-2019,google,
It's a great place to get all Mi products. Very supportive staff.,26-06-2022,google,
"Such great experience in this store, very supportive staff and good demo product. Thanks buddy",26-06-2020,google,
Very good behaviour staff specialy Krishan ...very good covencing...,26-06-2022,google,
"Good job , the service was excellent and despite the cornavirus pandemic we were attended very nicely",26-06-2021,google,
Had an amazing experience buying at the store. I loved the Mobile Phone. Thanks Ranjit Singh,27-06-2019,google,
Very nice experience then staff always very good thanku mi,27-06-2019,google,
Good behaviour,26-02-2024,google,
Fast amd efficient staff. Satisfied with their service and product looks alright. Thanks.,27-06-2019,google,
It's a very nice store then location r near about staff kwladge  good,27-06-2019,google,
Nice üëçüëç ‚Ä¶,26-02-2024,google,
Nicely explained all the details of the product we needed. Keep up the good work Gaurav and Nitin.,27-06-2019,google,
I purchased POCO F1 from MI home RDC. There is so much supportive staff and Mr. Gaurav is really helpful.,27-06-2019,google,
Very rude behavior they don't know how to deal customers. Only misbehaving,26-06-2022,google,
Awesome people around here. Quality served was very high. Would highly recommend this place!,27-06-2019,google,
"Good staf very good behavior specly kirshan staf person....
Good services",26-06-2022,google,
This store is very nice then environment is very good nd staff nature also good over all gpod,27-06-2019,google,
"Best place to buy mi phones, good customer assistance contacted with rishipal singh, get good deal here.",26-06-2021,google,
It's a good place to visit for MI products. Staff well educated and responsive.,26-06-2021,google,
Such great service like I think delivered in as comments in telephone.thansk Team.,26-06-2020,google,
It's kaam store then environment very good staff so nice spacial mr rishpal,27-06-2019,google,
Nice staff and product availability is also proper,27-06-2019,google,
"Fantabulous host. Provided best details of variety of products. Purchased two mobiles, instead of one.",27-06-2019,google,
Staff not give good service to customer because no anybody pick customer call,26-06-2021,google,
Great products at very reasonable prices. Staff is really helpful enthusiastic.,27-06-2019,google,
Most amazing jobs by mi Home guy's.micommerc throgh delivered products nice Vipul.,26-06-2020,google,
"very rude, lack of knowledge staff. they do mistake and later blame customer. not ready to accept their fault. when ask for manager number , cut the call.",26-06-2021,google,
"Located in the heart of Ghaziabad. A place where you can all the latest range of smartphones, LEDs & other accessories offered by Xiaomi",26-06-2020,google,
Wonderfull experience with mr ranjeet singh. Nice shopping experiwnce.. thanks MI,27-06-2019,google,
Ranjeet singh is nice guy and Supported. In future want to buy another product from him,27-06-2019,google,
"It was awesome experience at mi store ,got the best deal .....the way we were attended by mi store worker was awesome.....",27-06-2019,google,
Very good service ...helpful staff member Nitin Singh,27-06-2019,google,
Nice experience to visit here... Official person are also good in behaviour,27-06-2019,google,
Friendly staff. Good product range. Nice experience.,27-06-2019,google,
"Awesome+ Unique+ upto the mark... Multitalent, Experienced and so gently dealing with customers",27-06-2019,google,
Very good service provide by RDC team..I am very happy with Mi commerce...,26-06-2021,google,
Nice store,27-03-2024,google,
Beauriful customer care.... Perfect place to buy mobile.... Thumbs up to the team,27-06-2019,google,
Finally Xiaomi did it offline store for every Innovative product of their company at online price,27-06-2019,google,
Sales staff Mr Yashpal is well mannered and explain the features very well,27-06-2019,google,
Nice store environment are very good then staff owsm,27-06-2019,google,
It's very good communication and good service.thanks to all for support me,27-06-2019,google,
Worst experience of customer support from the persons available at the store. They deny their commitmenta. Worst way to talk to customers.,26-06-2021,google,
It's a very nyc store very good staff thanx mi,26-06-2020,google,
Good store worth visiting goid range and nice staff.,26-06-2021,google,
It's a amazing mi home vgud location gud service staff is very gud,27-06-2019,google,
Very nice store and location r very owsm then very good staff,27-06-2019,google,
Everything is good in store. Beautiful store. Clean. All people are good in your store.,27-06-2019,google,
"Perfectly fine üôÇ
Good products and affordable prices üëå ‚Ä¶",26-06-2022,google,
"Good service, enough stock. Ranjeet, good person, wish you all the best.",27-06-2019,google,
"Good staff and good dealing
Best store in location",27-06-2019,google,
Nice store no need to purchase online all model and colour variations available at store,27-06-2019,google,
Very humble staff and also having good knowledge of the product,26-06-2020,google,
It's a owsm store mi home location is very nice then staff is good,27-06-2019,google,
"Good too see the helpful staff mr nitin, ,helped me lot to find out my new mobile, thanks.",27-06-2019,google,
#mi commerce  best products # thanks Rishpal singh for best service and on time delivery of our products,26-06-2020,google,
Amazing ambience good experience with skilled staff namely Mr.Gourav Sharma,27-06-2019,google,
Good.I found what i desire and installation at same day. good service overall,26-06-2020,google,
"Awesome experience in store, Mr. gaurav is very helpful and understanding...",27-06-2019,google,
Ranjeet singh.as such a nyc staff who deal me in his store..excellent work.,27-06-2019,google,
Mi home its a owsm becous staff is very gud then gud product knwldge so m very happieee,27-06-2019,google,
I had a great experience and i am loving my new mi band3,27-06-2019,google,
Fast service in work days & on weekend you'll wait ...& Sometimes you'll wait so long may be for hours,27-06-2019,google,
Good service,26-02-2024,google,
Very helpful staff and all mi goods and stuff present,26-06-2021,google,
I got an osm phn from here services were very gud‚ò∫Ô∏è satisfied ‚ù§Ô∏è,26-06-2021,google,
Good service and nice behavior of staff.,27-06-2019,google,
Its amazing store like all product are available thanxx mi,27-06-2019,google,
"Nice  store for product  ,reason  wise they  very  helpful üòä ‚Ä¶",26-06-2021,google,
Great Place to experience and shop for all Xiaomi products. Excellent shopping experience :-),26-06-2021,google,
Very good staff and ranjeet ji is so good behavior,27-06-2019,google,
Good staff behavior.... Really appreciate the help got from them....,27-06-2019,google,
The store is pretty good. And the service was really nice.,27-06-2019,google,
Nice store thent location to very near about and staff is very good,27-06-2019,google,
"Good and Friendly Environment .
Must provide discounts if visiting stores",26-06-2020,google,
"Nice discount on mobile and good service
By ranjeet singh",27-06-2019,google,
The atmosphere of the area is naturally good & all employees are good coperate behavior.,26-06-2020,google,
Very nice store irs amzing location for near about then good staaf,27-06-2019,google,
"Good response for Ranjit Singh , very great man In store",27-06-2019,google,
"It's a good place
Ranjit sir attended us
Good showroom",27-06-2019,google,
It's a very nice store then staff is very gud,27-06-2019,google,
Nice,27-03-2024,google,
It's been great with dealing with executive (Ranjeet) really helpfull,27-06-2019,google,
#mi commerce services are the very good Thanku MI home RDC and thanks for the MI home all team,26-06-2020,google,
Store ND anvironment and staff very cool ND nice mr.rishpal singh is nature very attractive,27-06-2019,google,
Very good service from Mr. Gaurav Sharon Ji.,27-06-2019,google,
This is just awesome the shop is so adorable & the location is also fantastic,27-06-2019,google,
Met Ranjeet when buy   fit bithrx  service is good n best of luck for future,27-06-2019,google,
Nice Experience especially thanks to Mr Ranjeet for his cooperation..,27-06-2019,google,
nice store,26-02-2024,google,
"There is a negative sales here, they want to sell mobile what they want , they manipulate the customer by saying negative feedback for particular model or not in stock",27-06-2019,google,
Amazing experience with quick service given by Mr. Ranjeet,27-06-2019,google,
Went to buy robot vacuum mop but their demo model was faulty üòÇ ‚Ä¶,26-06-2022,google,
Thanks guy's for reach at my end .nice jobs #micommerce,26-06-2020,google,
Nice service,26-02-2024,google,
It's very gd experience to visiting this showroom. Gd communication with Gaurav Sharma.,27-06-2019,google,
Awesome experience bat Mi Home RDC and staff behavior is so good,27-06-2019,google,
Nice and friendly service specifically mr. ranjeet,26-06-2020,google,
Amazing service and product too thank you MI for this,27-06-2019,google,
"Excellent service, wide range of products, helful staff",27-06-2019,google,
Owsm store then environment is very good nd staff also very nice,27-06-2019,google,
Great palace,26-02-2024,google,
It's amazing store then very nyc store staff,27-06-2019,google,
Good staff behaviour good service,27-06-2019,google,
Staff  knowledge is good and all model available at store,27-06-2019,google,
"My experience in mi home is so good, And thanks thanks for ranjeet singh üëçüëç ‚Ä¶",27-06-2019,google,
Nice store and envirment are good then location is near about,27-06-2019,google,
Good experience I had purchased mi tv 32 inches from there.,27-06-2019,google,
Best staff behavior good store experience,27-06-2019,google,
Good,26-02-2024,google,
Excellent Staff nd  store ambience is very good.,26-06-2020,google,
i had a great experience with MI HOME RDC Ghaziabad in purchasing products.,27-06-2019,google,
Nice environment,26-02-2024,google,
Thanks #micommerc for delivering my product . good service.,26-06-2020,google,
Thank you for such a good service Mr Sandeep,26-06-2020,google,
Good behavior and best services by gaurav sharma,27-06-2019,google,
Better,26-02-2024,google,
A very helpful staff with good knowledge of product.,27-06-2019,google,
Best products at best price and friendly customer service,27-06-2019,google,
Good experience and nice staff support,27-06-2019,google,
Amazing store then r gud staff,27-06-2019,google,
Good store good quality phone staff is very good,26-06-2020,google,
Amezing experience at visit to store positive staff behavior,26-06-2020,google,
Best place to buy MI product in ghaziabad they are offical MI Store in ghaziabad.,26-06-2020,google,
Its a owsm store then location is near about nd staff is nice,27-06-2019,google,
Excellent special Rishpal Singh is very good representative of outlet,27-06-2019,google,
Very good experience good people love to come again..,26-06-2020,google,
"Arun nagar has nice knowledge...
Good to purchase mi",27-06-2019,google,
I'm buying mi phone at store and is experience is too good,27-06-2019,google,
Nice place for mi experience.Must visit for mi products nearby .,27-06-2019,google,
"Very satisying. Ranjeet Singh is very helpful, considerate and sincere.",27-06-2019,google,
Nice,27-01-2024,google,
Verry good customer experience by Ranjeet Singh,27-06-2019,google,
Good showroom with good staff and have good communication skills with customer...,27-06-2019,google,
"Surprisingly wide range of products.
Expect to see more in the near future.",27-06-2019,google,
A one store our staff is very good,27-06-2019,google,
It is always a good experience to visit Mi Store in RDC Ghaziabad,27-06-2019,google,
Very prompt service. Must visit place üëçüèª ‚Ä¶,27-06-2019,google,
Nice service by vipul #micommerce delivery the commitment.,26-06-2021,google,
"Almost all products are available all time
Staff is good and helpful",27-06-2019,google,
Super customer behaviour. Keep it up....,27-06-2019,google,
Great service! Would like to visit again.,27-06-2019,google,
Nice service in store. Keep it up.,27-06-2019,google,
It's nice store then environment are good,27-06-2019,google,
Good staff behavior good product knowledge,27-06-2019,google,
Nice store and nice staff gud work,27-06-2019,google,
Very nice service mi home RDC Thanks RDC Team,26-06-2021,google,
"Nitin

Thank you so much for delivering immediately at the time i needed mobile.",26-06-2020,google,
Thanks team good supporting and provided the mobile on micommerce.,26-06-2020,google,
Good service and great price offers,27-06-2019,google,
Awsome shop and great employee of rdc mi store,27-06-2019,google,
Really nice store very environment then good staff,27-06-2019,google,
Worst service. They haven't come for installation. Neither have they delivered the free speaker,26-06-2022,google,
Beautiful store. Good customer service.,27-06-2019,google,
Very nice store then location is good,27-06-2019,google,
Bad Experience,26-02-2024,google,
Good staff behaviour nice store,27-06-2019,google,
New opening... Good products... Good service and availability,27-06-2019,google,
Comment,Date,source,
"Still putting ads in a premium, flagship phone is almost criminal.",23-06-2024,youtube,
I‚Äôll do 0.00001 pushup for every like this comment gets,23-06-2024,youtube,
"I like that camera grip option! Given cameras are a huge factor in phones these days I have no idea why manufacturers don't offer more than the flat slab with a few normal lenses. Theres room for full optical lenses these days, especially given battery demands and balance/ergonomic issues. I'd love to see a M43 mount over a big sensor or an optical zoom lens like an updated Galaxy Zoom. There's so much that could be done if they weren't resigned to the same form factor.",23-06-2024,youtube,
you should review the ulefone armor 24 (i love your content its easily understandable and its nice to see all the new tech innovations or just some stuff i didnt know about yet keep up the good work!),23-06-2024,youtube,
"I have the 14 Ultra myself, and i have to say the camera grip accessory is a game changer for taking pics/vids, makes it feel like a legitimate digital camera, and definitely a head turner to anyone ive shown the phone to haha.",23-06-2024,youtube,
"bruuuuh, that drop dropped my soul alongside it, this is what rich people are capable of",23-06-2024,youtube,
"pls make a video about their base variations i beg,ur videos are the only one I understand and enjoy watching",24-06-2024,youtube,
I got used to Xiaomi OS and yes its very smooth. Very clever phone. Still learnig it. Hyper Os,23-06-2024,youtube,
"While the S24 Ultra is a better phone overall, I gotta hand it to the Xiaomi 14 Ultra for its camera innovations, and daring to do something different. Having a charger in box is a great bonus!",23-06-2024,youtube,
MAN THAT CATCHÔ∏è,23-06-2024,youtube,
Hey I've always wondered if Best Buy's open box items are worth it or reliable. What are your thoughts on them?,23-06-2024,youtube,
"I'd be curious about a comparison between the standard Xiaomi 14 and S24, mainly because those are the versions I'd actually be considering.",23-06-2024,youtube,
"W editors the video was fun to watch
Since no one appreciates them that often Ô∏è",23-06-2024,youtube,
"The Huge Camera Bump, the Camera Grip Case/Power Bank, the Lanyard... Nokia did all of these 11 years ago with their legendary Lumia 1020.
The good old Lumia days...",23-06-2024,youtube,
I have the a15 5g and im ngl within a few seconds you pointed out somethings i never knew/payed attention to on my phone.,23-06-2024,youtube,
That hand  in backround  was coming to Grab the Box from nowhere,23-06-2024,youtube,
"The camera bump is an actual hassle on my Xiaomi 13 Ultra.. until I've used it for a month, then it becomes a really great location to rest your finger.. it's actually a very convenient design",23-06-2024,youtube,
"Im using Xiaomi 14 for the last 3 weeks and i haven't encountered any ads in the phone, you can turn off fhe personalised ads in the settings then there will be no ads .The new os hyperOS is really smooth comparing iwith miui .also there is a ton of features in the camera.if you  love photography go for Xiaomi 14 ultra the device will never let you down.",23-06-2024,youtube,
those are definitely not just decorative camera rings I‚Äôm sure they‚Äôre there to hold like polarized lens filters and such,23-06-2024,youtube,
"Excellent review, thank you",24-06-2024,youtube,
"I like the video size ratio you are using, utilising most of the screen with narrow black stripes on the side. Video is also informative, thanks",23-06-2024,youtube,
hey editors you are like the best editors stuck on to the best tech channel,23-06-2024,youtube,
I know this has nothing to do with tech but u have such a great personality that I think you would be great in the game show the traitors. I think it would be epic,23-06-2024,youtube,
I recommend doing every Sega Console ever. Love your Videos btw.,23-06-2024,youtube,
"Also in hyoeros, when you apply themes, the system ui also changes which gives a completely new feel every time",23-06-2024,youtube,
"Xiaomi removing ads in some countries, and improving upon this video would be absolute happs‚Ä¶",23-06-2024,youtube,
Very superb on point comparison,25-06-2024,youtube,
Damn. Those photos really look beautiful... But I guess you could get the same processing from the non-ultra versions too.,23-06-2024,youtube,
"That ""Aliens might have chest hair"" stuff   blown me away",23-06-2024,youtube,
I'm here to contribute nothing to the comment section,23-06-2024,youtube,
Thanks for this review. I really love photography and music. the cameras on the Xiaomi 14 Ultra looks better. Am really battling which to get between the two.,23-06-2024,youtube,
That variable aperture is super cool!,23-06-2024,youtube,
"Let's gooo.
Thanks man I was waiting for this.",23-06-2024,youtube,
i have been thinking about getting the zenfone 10 and now im gonna get the xaomi thank you mrwhosetheboss ive been watching your videos for aout 7 years now and its crazy how you went from so quiet to so open so quickly keep it up,23-06-2024,youtube,
The comparison graphics were so good this time,23-06-2024,youtube,
"Coordinated video, beautiful editing, I love it",21-06-2024,youtube,
"i love how Arun always says US and not YOU or I, realyl makes you feel like you are just as normal as he is, also love the shirt!",23-06-2024,youtube,
Editing keeps getting better every vid!,23-06-2024,youtube,
"ICYMI @, Quite smartly done mrwhosetheboss by typing 'subscribe please'    genuinely like that haha",13-06-2024,youtube,
Now THAT'S a true flagship unboxing experience. They didn't even have to include a case but they still did. Good old Xiaomi I hope they never change,23-06-2024,youtube,
I watched oneplus 12pro review both marques and you. There were so many thing that he just missed. Thank you for doing the kind of research and putting in the time so that we can make a more informed decision. Thank you,23-06-2024,youtube,
cant imagine what phone cameras would look like in the future,23-06-2024,youtube,
Where do i buy the Xiaomi 14 Ultra? Im from the US,24-06-2024,youtube,
Bro just pissed off the MI in the entire video and gave all the cool details at the last minute by giving no points to it,23-06-2024,youtube,
let my bro free,23-06-2024,youtube,
Hey next can you do a best budget phones of 2024 which includes poco x6 pro and how other budget phones in that price range compare against it and which is the best budget phone which ticks all of the boxes.,23-06-2024,youtube,
I love the video editing 10/10,23-06-2024,youtube,
"What is he working on right know, waiting for package delivery?
I need the new video!",23-06-2024,youtube,
I have waited for this for a year or so ( since the 13 ultra vs 14 pro max video ) good job as always,23-06-2024,youtube,
I was waiting on you for this in fact today I woke up to check if you have posted this specific review of the Mi 14 ultra and today you came up prompts ! Thanks Arun,23-06-2024,youtube,
"Thanks for the detailed review, Looking for your  review on Honor Magic 6 pro",23-06-2024,youtube,
"Hey, just a cool video idea, u can compare an old flagship phone ( iphone or samsung, like iphone 6 for example) to a new budget phone, it can make some fun comparisons",23-06-2024,youtube,
"I would have loved a solo review before a comparison video!  

Great one either way!",23-06-2024,youtube,
"Finally watching your 14 ultra Video...
I've been waiting for this video for a long time...",23-06-2024,youtube,
"Random question, but are you able to do a review on the phones you can buy off Amazon? I live in Canada and I keep seeing ads for UMIDIGI and Ulefone . Some of them have crazy specs like 100 megapixel cameras 25 megapixel night vision camera etc would be interesting to see a good video.",23-06-2024,youtube,
Great shirt! :D,22-06-2024,youtube,
I've been watching your videos since 2019-20 and the improvements are Insane!,23-06-2024,youtube,
Arun has grown so much as a content creator and I love it,23-06-2024,youtube,
Thinking step up rings are decorative hahah,24-06-2024,youtube,
I was waiting for this video,23-06-2024,youtube,
I watched oneplus 12pro review both marques and you. There were so many thing that he just missed. Thank you for doing the kind of research and putting in the time so that we can make a more informed decision. Thank you,23-06-2024,youtube,
cant imagine what phone cameras would look like in the future,23-06-2024,youtube,
Where do i buy the Xiaomi 14 Ultra? Im from the US,24-06-2024,youtube,
Bro just pissed off the MI in the entire video and gave all the cool details at the last minute by giving no points to it,23-06-2024,youtube,
let my bro free,23-06-2024,youtube,
Hey next can you do a best budget phones of 2024 which includes poco x6 pro and how other budget phones in that price range compare against it and which is the best budget phone which ticks all of the boxes.,23-06-2024,youtube,
I love the video editing 10/10,23-06-2024,youtube,
"What is he working on right know, waiting for package delivery?
I need the new video!",23-06-2024,youtube,
I have waited for this for a year or so ( since the 13 ultra vs 14 pro max video ) good job as always,23-06-2024,youtube,
I was waiting on you for this in fact today I woke up to check if you have posted this specific review of the Mi 14 ultra and today you came up prompts ! Thanks Arun,23-06-2024,youtube,
"Thanks for the detailed review, Looking for your  review on Honor Magic 6 pro",23-06-2024,youtube,
"Hey, just a cool video idea, u can compare an old flagship phone ( iphone or samsung, like iphone 6 for example) to a new budget phone, it can make some fun comparisons",23-06-2024,youtube,
"I would have loved a solo review before a comparison video!  

Great one either way!",23-06-2024,youtube,
"Finally watching your 14 ultra Video...
I've been waiting for this video for a long time...",23-06-2024,youtube,
"Random question, but are you able to do a review on the phones you can buy off Amazon? I live in Canada and I keep seeing ads for UMIDIGI and Ulefone . Some of them have crazy specs like 100 megapixel cameras 25 megapixel night vision camera etc would be interesting to see a good video.",23-06-2024,youtube,
Great shirt! :D,22-06-2024,youtube,
I've been watching your videos since 2019-20 and the improvements are Insane!,23-06-2024,youtube,
Arun has grown so much as a content creator and I love it,23-06-2024,youtube,
Thinking step up rings are decorative hahah,24-06-2024,youtube,
I was waiting for this video,23-06-2024,youtube,
Butt cheek pimples really put arun off,23-06-2024,youtube,
"Glad you uploaded a video, hope your back more often. I enjoy your videos.",23-06-2024,youtube,
Great video!,23-06-2024,youtube,
Thanks for this review.,23-06-2024,youtube,
"not sure but the sound of this video is different, but as always, great review",23-06-2024,youtube,
"Love your videos! What do you do with all the tech that you buy and review, the big items I assume goes back to the manufacturer?",23-06-2024,youtube,
"did I get used to the newer style of videos or is this video a bit more like your older videos, a lot less fast paced, over the top and calmer. I enjoy calmer videos much more",23-06-2024,youtube,
"just a curious question, what do you do with cellphones when you're done with the content?",23-06-2024,youtube,
"Thanks a lot, I have been waiting for this video for 2 months",23-06-2024,youtube,
Just here to appreciate the the thumbnail literally a very CREATIVE thumbnail,23-06-2024,youtube,
"Arun, as always thanks for your time & great Infotainment, & if you think the unboxing you had was great, imagine my surprise when I went to the store to pick it up & the box was brought in by a forklift! Ok, it was not a forklift but my goodness the box was Huge! 
At just under US$1200, it came with,
The 90w brick, the 80W wireless charger (so we can charge wirelessly faster than apple & the s24 charges wired ), a beautiful textured black everyday-case & the camera kit.
The unboxing experience was next level & as it was the first 14U the store sold, all eyes were on it. So on top of all that, the store gave out a fab backpack & a pair of earpads too   
I have a 5mnt vid on it, if y'all wanna see what that box was like - MAD! 
Almost two months since the purchase & I am absolutely loving this phone & everything it came with",22-06-2024,youtube,
Hey are u ganna do a best phones of 2024 video after the iphone 16s release,23-06-2024,youtube,
Nice! I really hope that Honor Magic Pro 6 will be next on your channel! I want to buy it and I told my self I will not do that unless I will see you testing it first,23-06-2024,youtube,
"This is the first time I actually smiled for your quirky sub-one-liners . The others were okay, but this one brought me to the comments .",23-06-2024,youtube,
"Who's catching the box at the back, that was cool",23-06-2024,youtube,
Maybe a heavier and thicker case might do it to be comfortable with it. It'll make the back of the phone flat and balance the heavy camera,23-06-2024,youtube,
I'm really not sure about some of the software issues. Did you allow some weird website to send you notification while using the browser? And did you opt into lockscreen during SUW? Because I have none of those on my phone.,23-06-2024,youtube,
"A cam comparison of the 2 phones, including moon zoom shots would be gr8...",23-06-2024,youtube,
Nice review! Would like to know if the 14 ultra photography kit fits and works on the 13 ultra,23-06-2024,youtube,
It's still crazy how expensive peripherals like case and screen protectors are over there,23-06-2024,youtube,
"not sure but the sound of this video is different, but as always, great review",23-06-2024,youtube,
"Love your videos! What do you do with all the tech that you buy and review, the big items I assume goes back to the manufacturer?",23-06-2024,youtube,
"did I get used to the newer style of videos or is this video a bit more like your older videos, a lot less fast paced, over the top and calmer. I enjoy calmer videos much more",23-06-2024,youtube,
"just a curious question, what do you do with cellphones when you're done with the content?",23-06-2024,youtube,
"Thanks a lot, I have been waiting for this video for 2 months",23-06-2024,youtube,
Just here to appreciate the the thumbnail literally a very CREATIVE thumbnail,23-06-2024,youtube,
"Arun, as always thanks for your time & great Infotainment, & if you think the unboxing you had was great, imagine my surprise when I went to the store to pick it up & the box was brought in by a forklift! Ok, it was not a forklift but my goodness the box was Huge! 
At just under US$1200, it came with,
The 90w brick, the 80W wireless charger (so we can charge wirelessly faster than apple & the s24 charges wired ), a beautiful textured black everyday-case & the camera kit.
The unboxing experience was next level & as it was the first 14U the store sold, all eyes were on it. So on top of all that, the store gave out a fab backpack & a pair of earpads too   
I have a 5mnt vid on it, if y'all wanna see what that box was like - MAD! 
Almost two months since the purchase & I am absolutely loving this phone & everything it came with",22-06-2024,youtube,
Hey are u ganna do a best phones of 2024 video after the iphone 16s release,23-06-2024,youtube,
Nice! I really hope that Honor Magic Pro 6 will be next on your channel! I want to buy it and I told my self I will not do that unless I will see you testing it first,23-06-2024,youtube,
"This is the first time I actually smiled for your quirky sub-one-liners . The others were okay, but this one brought me to the comments .",23-06-2024,youtube,
"Who's catching the box at the back, that was cool",23-06-2024,youtube,
Maybe a heavier and thicker case might do it to be comfortable with it. It'll make the back of the phone flat and balance the heavy camera,23-06-2024,youtube,
I'm really not sure about some of the software issues. Did you allow some weird website to send you notification while using the browser? And did you opt into lockscreen during SUW? Because I have none of those on my phone.,23-06-2024,youtube,
"A cam comparison of the 2 phones, including moon zoom shots would be gr8...",23-06-2024,youtube,
Nice review! Would like to know if the 14 ultra photography kit fits and works on the 13 ultra,23-06-2024,youtube,
It's still crazy how expensive peripherals like case and screen protectors are over there,23-06-2024,youtube,
The video we all been waiting for. A camera comparison would be nice,23-06-2024,youtube,
I cant feel my legs because i sat to too long on the toilet,23-06-2024,youtube,
Brother can you make Samsung s24 ultra vs Google pixel 8 pro,23-06-2024,youtube,
i bought the galaxy 24 ultra on launch and omg you put into words why the typing feels so nice,23-06-2024,youtube,
i love the fact that you always do so much research and never fail to exceed my expectations,23-06-2024,youtube,
Awesome content and video comprision as always Arun brother,23-06-2024,youtube,
You should make a video about  the different types of keyboard switches,23-06-2024,youtube,
I have been using the S24 Ultra and a canon DSLR side by side . I am very impressed with the S24 Ultra optimization..now how you take the photos matter,23-06-2024,youtube,
Those problems are all fixable from setting ! I didn't expect this from you A A ron,23-06-2024,youtube,
Wow your video edits is perfect at every moment,23-06-2024,youtube,
who saw the hand and the legendary catch in the background,23-06-2024,youtube,
"Its funny how youtube try to change something, but we still find a loop hole lmfao",23-06-2024,youtube,
ok bro...that throw and phone catch was smooth...just wondering how many takes it took ....thanks for a great review,23-06-2024,youtube,
Thank you Aaron. Now i can feel peace to see you back into your delicious review.,23-06-2024,youtube,
"Bruh, I wish to see you do Honor Magic 6 Pro too. :D",24-06-2024,youtube,
"Next you should review the BYD Seal, probably the best car for its price, or even on the market of the electric catagory",23-06-2024,youtube,
"i really love the grip thing for the camera with the shutter button and zoom clip,its pretty useful",23-06-2024,youtube,
Watching this makes me jealous of not being able to afford phones like that.. Still going strong with my Redmi Note 8 Pro. Will hopefully be able to afford one by the end of the year and hopefully the prices will drop as well because the new Xiaomi 14 ultra looks sick!,23-06-2024,youtube,
Really interesting video about physical nes,24-06-2024,youtube,
"Been using xiaomi for 4 years now because of how cheap their phones are compared to the competition while offering similar specs. The ads in the apps problem isnt an issue for me specifically since I enjoy tweaking things and removed all their ad infested bloatware via ADB and installed other apps to do the same tasks. The camera on my current 12 pro is insane even being almost 3 years old. It still runs insanely smoothly too and can handle many mobile games effortlessly. The battery used to be great but after 2 years of usage, it's really starting to show its age. But despite this, the massive power brick with fast charging can get me back up to 80% in",23-06-2024,youtube,
i bought the galaxy 24 ultra on launch and omg you put into words why the typing feels so nice,23-06-2024,youtube,
i love the fact that you always do so much research and never fail to exceed my expectations,23-06-2024,youtube,
Awesome content and video comprision as always Arun brother,23-06-2024,youtube,
You should make a video about  the different types of keyboard switches,23-06-2024,youtube,
I have been using the S24 Ultra and a canon DSLR side by side . I am very impressed with the S24 Ultra optimization..now how you take the photos matter,23-06-2024,youtube,
Those problems are all fixable from setting ! I didn't expect this from you A A ron,23-06-2024,youtube,
Wow your video edits is perfect at every moment,23-06-2024,youtube,
who saw the hand and the legendary catch in the background,23-06-2024,youtube,
"Its funny how youtube try to change something, but we still find a loop hole lmfao",23-06-2024,youtube,
ok bro...that throw and phone catch was smooth...just wondering how many takes it took ....thanks for a great review,23-06-2024,youtube,
Thank you Aaron. Now i can feel peace to see you back into your delicious review.,23-06-2024,youtube,
"Bruh, I wish to see you do Honor Magic 6 Pro too. :D",24-06-2024,youtube,
"Next you should review the BYD Seal, probably the best car for its price, or even on the market of the electric catagory",23-06-2024,youtube,
"i really love the grip thing for the camera with the shutter button and zoom clip,its pretty useful",23-06-2024,youtube,
Watching this makes me jealous of not being able to afford phones like that.. Still going strong with my Redmi Note 8 Pro. Will hopefully be able to afford one by the end of the year and hopefully the prices will drop as well because the new Xiaomi 14 ultra looks sick!,23-06-2024,youtube,
Really interesting video about physical nes,24-06-2024,youtube,
"Been using xiaomi for 4 years now because of how cheap their phones are compared to the competition while offering similar specs. The ads in the apps problem isnt an issue for me specifically since I enjoy tweaking things and removed all their ad infested bloatware via ADB and installed other apps to do the same tasks. The camera on my current 12 pro is insane even being almost 3 years old. It still runs insanely smoothly too and can handle many mobile games effortlessly. The battery used to be great but after 2 years of usage, it's really starting to show its age. But despite this, the massive power brick with fast charging can get me back up to 80% in",23-06-2024,youtube,
what voodoo is that? Damn near broke my brain,23-06-2024,youtube,
This made me feel real good about getting the S24 Ultra,23-06-2024,youtube,
"when i saw that camera app lens transition, i was like, WOW, it transitions better than samsung camera app!",23-06-2024,youtube,
"It depends if you want a full featured phone versus an aosp skin. Nothing can go as deep as Knox and having straight up an entirely different zero latency audio engine, dex that can rub windows natively and even full on pc games etc etc. As a phone it's pretty cool",19-06-2024,youtube,
Let's go I've been waiting for this,23-06-2024,youtube,
"Awesome comparison and analysis video, how come no outro?",23-06-2024,youtube,
What they guy behind you doing on the ground,23-06-2024,youtube,
"The big chunky camera works great when holding the phone. The edge of the camera rests on your pointer finger.
So even tho the camera adds weight it also adds an edge for better grip.
Like every new phone we get you just get used to it.
I have the 11 Ultra (also has a chunky camera)and will likely get the 14 Ultra next.
Thanks for the review.",23-06-2024,youtube,
"Great vid, as usual!!

Now, pls make a review to the Oppo Find X7 Pro. I'm planning to make a phone switch from my S20 Ultra, so I want to weigh my options.",23-06-2024,youtube,
"What almost seems hypocritical is we all are ok with being the product for the biggest advertising company (Google) and Facebook but we crib about some other other company that shows you ads but also gives you the option to turn them off. Anyway, if you are buying a Xiaomi product (including Redmi, Poco), none of these chinese apps come preinstalled. Instead you get a lot of American bloatware that cannot be u installed like Google One, Google Home, Google Drive, Google Health Connect (beta), Netflix, Walmart Phonepe, Facebook. Even the nifty Mi dialer has been replaced with Google dialer in some models. Google messages come preinstalled along with Mi message.
AND THERE IS NO WAY YOU CAN GET RID OF THEM unless you install a different ROM.",23-06-2024,youtube,
I LOVED the background music.,24-06-2024,youtube,
"Compare it with Vivo X100 pro
Would love to se blind test poll of Camera comparision",23-06-2024,youtube,
You should do S24 Ultra vs Honor Magic 6 Pro and reviews the honor phone too please,23-06-2024,youtube,
"I wish there would be a song list in this videos. Such amazing tune choice, and no chance to get them somewhere",23-06-2024,youtube,
Good catch!,23-06-2024,youtube,
I love your videos keep up the good work,23-06-2024,youtube,
"Kept the 14U and sold my S24U - both superb and could not deny the SPen and flat screen real estate of the S24U, but the square design made it less pocketable in daily use for me (even though the 14U has the massive camera bump its way easier to handle and pocket as a 'phone'). Camera on the 14U clinched the win for me though - much preferred the output from the 14U on photos and in particular macros which I take a lot of.",23-06-2024,youtube,
Isn‚Äôt one of those camera rings you said was just for show actually a threaded filter adapter so you can use photographic filters on the Xiaomi?,24-06-2024,youtube,
"‚Äúi got hired by a ytuber!!‚Äù
‚Äúwhats ur job‚Äù
‚Äúsitting under a desk and catching things‚Ä¶‚Äù",23-06-2024,youtube,
"I have been watching his videos for years, but man I love how he slice down every single details.",23-06-2024,youtube,
"Awesome comparison and analysis video, how come no outro?",23-06-2024,youtube,
What they guy behind you doing on the ground,23-06-2024,youtube,
"The big chunky camera works great when holding the phone. The edge of the camera rests on your pointer finger.
So even tho the camera adds weight it also adds an edge for better grip.
Like every new phone we get you just get used to it.
I have the 11 Ultra (also has a chunky camera)and will likely get the 14 Ultra next.
Thanks for the review.",23-06-2024,youtube,
"Great vid, as usual!!

Now, pls make a review to the Oppo Find X7 Pro. I'm planning to make a phone switch from my S20 Ultra, so I want to weigh my options.",23-06-2024,youtube,
"What almost seems hypocritical is we all are ok with being the product for the biggest advertising company (Google) and Facebook but we crib about some other other company that shows you ads but also gives you the option to turn them off. Anyway, if you are buying a Xiaomi product (including Redmi, Poco), none of these chinese apps come preinstalled. Instead you get a lot of American bloatware that cannot be u installed like Google One, Google Home, Google Drive, Google Health Connect (beta), Netflix, Walmart Phonepe, Facebook. Even the nifty Mi dialer has been replaced with Google dialer in some models. Google messages come preinstalled along with Mi message.
AND THERE IS NO WAY YOU CAN GET RID OF THEM unless you install a different ROM.",23-06-2024,youtube,
I LOVED the background music.,24-06-2024,youtube,
"Compare it with Vivo X100 pro
Would love to se blind test poll of Camera comparision",23-06-2024,youtube,
You should do S24 Ultra vs Honor Magic 6 Pro and reviews the honor phone too please,23-06-2024,youtube,
"I wish there would be a song list in this videos. Such amazing tune choice, and no chance to get them somewhere",23-06-2024,youtube,
Good catch!,23-06-2024,youtube,
I love your videos keep up the good work,23-06-2024,youtube,
"Kept the 14U and sold my S24U - both superb and could not deny the SPen and flat screen real estate of the S24U, but the square design made it less pocketable in daily use for me (even though the 14U has the massive camera bump its way easier to handle and pocket as a 'phone'). Camera on the 14U clinched the win for me though - much preferred the output from the 14U on photos and in particular macros which I take a lot of.",23-06-2024,youtube,
Isn‚Äôt one of those camera rings you said was just for show actually a threaded filter adapter so you can use photographic filters on the Xiaomi?,24-06-2024,youtube,
"‚Äúi got hired by a ytuber!!‚Äù
‚Äúwhats ur job‚Äù
‚Äúsitting under a desk and catching things‚Ä¶‚Äù",23-06-2024,youtube,
"I have been watching his videos for years, but man I love how he slice down every single details.",23-06-2024,youtube,
I was waiting for this,23-06-2024,youtube,
"Reguardless of if it‚Äôs more usefull/better, i‚Äôd still wish companies would give us a curved and a non curved variant of their ultra phones. I miss having choices.",23-06-2024,youtube,
Thank you for this video on TV Galaxy S24 Ultra,23-06-2024,youtube,
Bro...take my love and....god Bless you...for your Honest review and.... A true decision  i am egargly waiting for you Video,23-06-2024,youtube,
Arun's getting more crazy daily  he be dropping phones as if its a peice of cake..,23-06-2024,youtube,
The catch was awesome,23-06-2024,youtube,
Another amazing video,23-06-2024,youtube,
"Overall, quite surprised at the Xiaomi 14 Ultra's camera capabilities, especially the AI upscaling feature.",23-06-2024,youtube,
"I might be bias here, but the support I've received from Xiaomi for example with unlocking the bootloader out weighs the a lot of the down sides with their device. - sent from Redmi Note 9t.

Awesome video, stay epic.

EDIT: In South Africa (where I live) Samsung support is usually done by the mobile service providers, which does not rank well globally.  Where as Xiaomi support is usually handled by Xiaomi.  Which would confirm the difference as the service providers does not really care about the phone's brand.  I don't think this is subjective, rather just a limited experience. Thanks for the replies! Hope which ever device you are using, or looking to use, serves you well.",23-06-2024,youtube,
Nice one handed Ô∏è  caught,23-06-2024,youtube,
Hi mrwhosetheboss I have been wondering if you could make a video of laptops brand fighting asus msi and lenovo,23-06-2024,youtube,
You're the best Mrwhosetheboss! You should even do Pixel 8 Pro vs Samsung s24 camera comparison,23-06-2024,youtube,
The editing is awesome on these videos,23-06-2024,youtube,
Thanks!,23-06-2024,youtube,
"Software depends on usage. I like to carry 1 device, instead of 1 for personal and 1 for work. So to have dual sim with the ability to clone any app was a deal breaker and got me using the Xiaomi.",22-06-2024,youtube,
"I love your videos, BUT...!this one is a little more on the side of samsung, like its sponsored. 
You don't have to hold the phone close to the camera, but you can also rest your fingers on the camera, because you didn't mention that no prints remain on that surface, and you don't have to clean the cameras at all, they simply don't get dirty, which is extra. Charging batery from 0 to 100% for 15 minutes xou didnt mentioned, all adds can be disabled,all. And for the camera, samsung is not close at all 

 I think you did a great job with this video, but you weren't objective.",23-06-2024,youtube,
I hate when companies can‚Äôt come up with original names.,23-06-2024,youtube,
What editing software do you use,23-06-2024,youtube,
I just realised that pictures look better on Twitter,23-06-2024,youtube,
"Very worthy comparison across the ultras, thanks for taking the time to do this. Will go with the s24u.",23-06-2024,youtube,
Bro...take my love and....god Bless you...for your Honest review and.... A true decision  i am egargly waiting for you Video,23-06-2024,youtube,
Arun's getting more crazy daily  he be dropping phones as if its a peice of cake..,23-06-2024,youtube,
The catch was awesome,23-06-2024,youtube,
Another amazing video,23-06-2024,youtube,
"Overall, quite surprised at the Xiaomi 14 Ultra's camera capabilities, especially the AI upscaling feature.",23-06-2024,youtube,
"I might be bias here, but the support I've received from Xiaomi for example with unlocking the bootloader out weighs the a lot of the down sides with their device. - sent from Redmi Note 9t.

Awesome video, stay epic.

EDIT: In South Africa (where I live) Samsung support is usually done by the mobile service providers, which does not rank well globally.  Where as Xiaomi support is usually handled by Xiaomi.  Which would confirm the difference as the service providers does not really care about the phone's brand.  I don't think this is subjective, rather just a limited experience. Thanks for the replies! Hope which ever device you are using, or looking to use, serves you well.",23-06-2024,youtube,
Nice one handed Ô∏è  caught,23-06-2024,youtube,
Hi mrwhosetheboss I have been wondering if you could make a video of laptops brand fighting asus msi and lenovo,23-06-2024,youtube,
You're the best Mrwhosetheboss! You should even do Pixel 8 Pro vs Samsung s24 camera comparison,23-06-2024,youtube,
The editing is awesome on these videos,23-06-2024,youtube,
Thanks!,23-06-2024,youtube,
"Software depends on usage. I like to carry 1 device, instead of 1 for personal and 1 for work. So to have dual sim with the ability to clone any app was a deal breaker and got me using the Xiaomi.",22-06-2024,youtube,
"I love your videos, BUT...!this one is a little more on the side of samsung, like its sponsored. 
You don't have to hold the phone close to the camera, but you can also rest your fingers on the camera, because you didn't mention that no prints remain on that surface, and you don't have to clean the cameras at all, they simply don't get dirty, which is extra. Charging batery from 0 to 100% for 15 minutes xou didnt mentioned, all adds can be disabled,all. And for the camera, samsung is not close at all 

 I think you did a great job with this video, but you weren't objective.",23-06-2024,youtube,
I hate when companies can‚Äôt come up with original names.,23-06-2024,youtube,
What editing software do you use,23-06-2024,youtube,
I just realised that pictures look better on Twitter,23-06-2024,youtube,
"Very worthy comparison across the ultras, thanks for taking the time to do this. Will go with the s24u.",23-06-2024,youtube,
"that drop down menu in the start is legit an apple copy, and im not even a fanboy of apple",23-06-2024,youtube,
"finally someone calling out xiaomis movie mode, why can't they add 4k30 on the front and back? it would have been my next phone if it only had that.",23-06-2024,youtube,
Your box catcher got caught in lens,24-06-2024,youtube,
"Hi Arun, Next time you make a video of flagship phone can u also include the comparison of customer care. Alsl this video was awesome enjoyed it.",23-06-2024,youtube,
i suggest that the computation of scores should be weighted..not all categories are as important as the other,23-06-2024,youtube,
"The rear bezel actually added more structural strength for the phone, it's the foundation to make the Guardian Structure valid as a selling point, and it does perform better in real-life dropping tests compared with other flagships
As a Xiaomi 13 Ultra owner, I personally like the look and feel of the bezel as well when you grab it and imagine there's no such a huge camera bump",23-06-2024,youtube,
bro would not have this whole trouble if he just turned off '2' toggles while setting the phone for the first time which is already disabled by default in global variant of the same smartphone,23-06-2024,youtube,
"but we already had this with older phones. Samsung, OnePlus, e.g. all did this in the past. Xiaomi is just brining an old trend back. Also as you yourself commented on it: Curved displays seemingly always struggle with registering gestures... Honestly I am kind of happy were past that phase of phone design.",23-06-2024,youtube,
I am sold..... but damn USA does not have this awesome phone for sell,24-06-2024,youtube,
"I wish to buy14 ulta. How is battery backup. Any draining issue. My use calling, social media, photography.plz share ur battery experience.",23-06-2024,youtube,
"Your channel is great but the fast paced editing makes me feel knackered lol.

I challenge thee to make at least one video with no editing!",23-06-2024,youtube,
You are the best YouTuber ever,23-06-2024,youtube,
Is it just me who wants to see the guy who catches the boxes thrown back there,23-06-2024,youtube,
"on two different occasions the Xiaomi displays your jacket in two different tones:
first black (while S24U depicts it navy blue ) and later it is navy blue.
So no the software isn't there yet.",24-06-2024,youtube,
I mean I always shoot in 1920x1080,23-06-2024,youtube,
"@Arun: Sorry, but Samsung FLAT Display is exactly the main reason I left iPhone 14 Pro Max where I was locked in the Eco System. 
---> It is natural to write on that flat display when, like me, you always use the S PEN. Curve display is cute, but useless to me",23-06-2024,youtube,
"Thanks for the review, I see it to be very objective. The reflective feature on the Samsung S24 Ultra makes it great for watching movies and even just normal phone usage. I have the Xiaomi 14 Pro and I've experience how surrounding light makes screen viewing difficult. All in all I still love my Xiaoimi 14 Pro cuz it gives me that extra touch.",23-06-2024,youtube,
Great review,23-06-2024,youtube,
this looks like bs right here,23-06-2024,youtube,
this is the best level of expertise to review and compare a product like mobile device with covering every usable aspect from software to hardware of product really awesome I really liked it keep it up,23-06-2024,youtube,
,,,
