comment,date,source,category,score
powerful performance in a sleek design. the redmi 13c in stardust black is a powerhouse in terms of performance and design. with 6gb of ram and 128gb of storage this phone handles multitasking and storage needs effortlessly. powered by the 4g mediatek helio g85 processor it delivers smooth and lagfree operation whether gaming streaming videos or using multiple apps simultaneously. the sleek design and stardust black color give it a premium look and feel. the display is vibrant and sharp perfect for enjoying multimedia content. the camera captures detailed photos and videos even in challenging lighting conditions. overall the redmi 13c offers excellent value for money with its powerful performance and stylish design. highly recommended for users looking for a reliable smartphone with impressive features,22-06-2024,amazon,Positive,5
value for money. nice camera sound value for money mobile. ease of use...,17-06-2024,amazon,Positive,5
phone review. i am also seller on amazon i know the value of rating  rating is helpful for seller increase the growth and by this other customer satisfaction and customer purchase the product without any doubt redmi 13c it is gud phone under this price battery quality camera and charging everything is best so without any thinking and discussion purchase this phone thanks sumit arora from anaya fashion collection,11-06-2024,amazon,Positive,5
superbb. excellent phone and camera,19-06-2024,amazon,Positive,5
superb product good features. awesome product very nice look totally i loved it thank u amazon with good featuresüëåüëåüëåüëåüëçüëçüëçüëçüëçüëåüëçüëåüëåüëçüëåüëçüëçüëåüëåüëçüëåüëçüëçüëçüëçüëåüëåüëçüëåüëçüëçüëçüëçüëåüëåüëçüëåüëçüëçüëçüëçüëåüëåüëçüëåüëçüëçüëçüëçüëåüëåüëçüëåüëçüëçüëçüëçüëåüëåüëçüëå superb quality nice packing faster delivery,23-06-2024,amazon,Positive,5
master piece... master piece in this small budget...loved the body and battery performance... i gifted to my mom..she is happy user...thank you amazon and red mi,17-06-2024,amazon,Positive,5
great phone. good phone packed with features at this price,16-06-2024,amazon,Positive,5
mobile. the mobile is usable for office work not for gaming purpose and is very light weight,15-06-2024,amazon,Positive,5
worth purchasing... go for it‚≠ê‚≠ê‚≠ê‚≠ê‚≠ê,12-06-2024,amazon,Positive,5
worth buying. worth buying at low price,08-06-2024,amazon,Positive,5
nice. camera quality good and bettery back up ok everything is good,31-05-2024,amazon,Positive,5
product quality. such a nice product. i got same product as mentioned in picture platform's site..üëåüëç thanks amazonüôÇ,13-06-2024,amazon,Positive,5
hey editors you are like the best editors stuck on to the best tech channel,23-06-2024,youtube,Positive,4.88
it was awesome experience at mi store got the best deal .....the way we were attended by mi store worker was awesome.....,27-06-2019,google,Positive,4.86
micommerce best series  10/10 .. meet with rishpal singh he is very nice guy giving me  best response and good knowledgeable person.,26-06-2020,google,Positive,4.82
this is the best level of expertise to review and compare a product like mobile device with covering every usable aspect from software to hardware of product really awesome i really liked it keep it up,23-06-2024,youtube,Positive,4.8
mi commerce  it's a very good service delivery time to time and very good nature mr rishpal singh very good all's staff,26-06-2020,google,Positive,4.78
great experience with guys harish...he is so politely attend and he so good behavior with me and explain all the offer. that's why i purchase redmi note 12.  i'm very happy with this.... thank you,26-06-2023,google,Positive,4.76
very good service provide by rdc team..i am very happy with mi commerce...,26-06-2021,google,Positive,4.76
great place to experience and shop for all xiaomi products. excellent shopping experience ),26-06-2021,google,Positive,4.74
excellent staff nd  store ambience is very good.,26-06-2020,google,Positive,4.74
excellent review thank you,24-06-2024,youtube,Positive,4.74
mi store service very good and also mr. jitendra dealing customer very good. i am happy mi service. thnks  to mi company for better products.,27-06-2019,google,Positive,4.7
good job  the service was excellent and despite the cornavirus pandemic we were attended very nicely,26-06-2021,google,Positive,4.7
best products at best price and friendly customer service,27-06-2019,google,Positive,4.7
best place to buy mi phones good customer assistance contacted with rishipal singh get good deal here.,26-06-2021,google,Positive,4.68
awesome experience bat mi home rdc and staff behavior is so good,27-06-2019,google,Positive,4.68
very very beautiful,25-06-2024,facebook,Positive,4.66
mi commerce it's a very good service  with delivery time to time and staff behaviour very good thanku mi home,26-06-2020,google,Positive,4.66
this store is very nice then environment is very good nd staff nature also good over all gpod,27-06-2019,google,Positive,4.66
good response for ranjit singh  very great man in store,27-06-2019,google,Positive,4.66
very superb on point comparison,25-06-2024,youtube,Positive,4.66
best phone for me now,21-06-2024,facebook,Positive,4.64
the best xiaomi ,21-06-2024,facebook,Positive,4.64
the best,24-06-2024,facebook,Positive,4.64
very good staff very friendly. each and every detail of the product was explained. very good way of talking. (salesman rishpal singh),27-06-2019,google,Positive,4.64
fantabulous host. provided best details of variety of products. purchased two mobiles instead of one.,27-06-2019,google,Positive,4.64
mi commerce  best products  thanks rishpal singh for best service and on time delivery of our products,26-06-2020,google,Positive,4.64
best staff behavior good store experience,27-06-2019,google,Positive,4.64
good behavior and best services by gaurav sharma,27-06-2019,google,Positive,4.64
best place to buy mi product in ghaziabad they are offical mi store in ghaziabad.,26-06-2020,google,Positive,4.64
hey are u ganna do a best phones of 2024 video after the iphone 16s release,23-06-2024,youtube,Positive,4.64
hey are u ganna do a best phones of 2024 video after the iphone 16s release,23-06-2024,youtube,Positive,4.64
you're the best mrwhosetheboss you should even do pixel 8 pro vs samsung s24 camera comparison,23-06-2024,youtube,Positive,4.64
you're the best mrwhosetheboss you should even do pixel 8 pro vs samsung s24 camera comparison,23-06-2024,youtube,Positive,4.64
i am sold..... but damn usa does not have this awesome phone for sell,24-06-2024,youtube,Positive,4.64
you are the best youtuber ever,23-06-2024,youtube,Positive,4.64
excellent special rishpal singh is very good representative of outlet,27-06-2019,google,Positive,4.62
awesome content and video comprision as always arun brother,23-06-2024,youtube,Positive,4.62
awesome content and video comprision as always arun brother,23-06-2024,youtube,Positive,4.62
the catch was awesome,23-06-2024,youtube,Positive,4.62
the editing is awesome on these videos,23-06-2024,youtube,Positive,4.62
the catch was awesome,23-06-2024,youtube,Positive,4.62
the editing is awesome on these videos,23-06-2024,youtube,Positive,4.62
very nice and supportive service with great customer service.. keep up the good work.,26-06-2021,google,Positive,4.6
good store good quality phone staff is very good,26-06-2020,google,Positive,4.6
very good experience good people love to come again..,26-06-2020,google,Positive,4.6
i would have loved a solo review before a comparison video  great one either way,23-06-2024,youtube,Positive,4.6
i would have loved a solo review before a comparison video  great one either way,23-06-2024,youtube,Positive,4.6
this is so nice that company opened own showroom at rdc this is so beneficial for us. and i am xiaomi lover. today i gone to mi home rdc to buy redmi y2 and mr.gaurav attend us so politely even all staff behaviour are so good. thankyou,27-06-2019,google,Positive,4.58
i had the brilliant experience by nitin singh he his good customer handling experience to suppothe customer,26-06-2021,google,Positive,4.58
very nice experience then staff always very good thanku mi,27-06-2019,google,Positive,4.58
beauriful customer care.... perfect place to buy mobile.... thumbs up to the team,27-06-2019,google,Positive,4.58
owsm store then environment is very good nd staff also very nice,27-06-2019,google,Positive,4.58
i visited on 20march19 to buy redmi note 7 believe me this is best store in gzb with some of professional and good staff. i brought note7 and m quite happy with its performance.,27-06-2019,google,Positive,4.56
very good behaviour staff specialy krishan ...very good covencing...,26-06-2022,google,Positive,4.56
it's very good communication and good service.thanks to all for suppome,27-06-2019,google,Positive,4.56
everything is good in store. beautiful store. clean. all people are good in your store.,27-06-2019,google,Positive,4.56
very good staff and ranjeet ji is so good behavior,27-06-2019,google,Positive,4.56
great service would like to visit again.,27-06-2019,google,Positive,4.56
beautiful store. good customer service.,27-06-2019,google,Positive,4.56
this is just awesome the shop is so adorable & the location is also fantastic,27-06-2019,google,Positive,4.54
i have been using the s24 ultra and a canon dslr side by side . i am very impressed with the s24 ultra optimization..now how you take the photos matter,23-06-2024,youtube,Positive,4.54
i have been using the s24 ultra and a canon dslr side by side . i am very impressed with the s24 ultra optimization..now how you take the photos matter,23-06-2024,youtube,Positive,4.54
great vid as usualnow pls make a review to the oppo find x7 pro. i'm planning to make a phone switch from my s20 ultra so i want to weigh my options.,23-06-2024,youtube,Positive,4.54
great vid as usualnow pls make a review to the oppo find x7 pro. i'm planning to make a phone switch from my s20 ultra so i want to weigh my options.,23-06-2024,youtube,Positive,4.54
staff is so good and special thanx to mr. ranjeet ji he feel so comfortable with him and he attend us so beautifully.,27-06-2019,google,Positive,4.52
good service enough stock. ranjeet good person wish you all the best.,27-06-2019,google,Positive,4.52
store nd anvironment and staff very cool nd nice mr.rishpal singh is nature very attractive,27-06-2019,google,Positive,4.52
good showroom with good staff and have good communication skills with customer...,27-06-2019,google,Positive,4.52
coordinated video beautiful editing i love it,21-06-2024,youtube,Positive,4.52
redmi home in rdc ghaziabad stands out as a reliable and customercentric destination for all things xiaomi. the store's inviting ambiance coupled with a wellorganized layout creates a pleasant shopping experience for customers. ‚Ä¶,26-02-2024,google,Positive,4.5
i am very happy with mi commerce facility.excellent facility delivery your favourite mobile at your home thanks vipul . good job,26-06-2020,google,Positive,4.5
good staf very good behavior specly kirshan staf person....good services,26-06-2022,google,Positive,4.5
it's kaam store then environment very good staff so nice spacial mr rishpal,27-06-2019,google,Positive,4.5
who saw the hand and the legendary catch in the background,23-06-2024,youtube,Positive,4.5
who saw the hand and the legendary catch in the background,23-06-2024,youtube,Positive,4.5
the new note 7 pro is amazing. it has a beautiful eye catching appearance. it's picture quality is heataking. i loved it,27-06-2019,google,Positive,4.48
wonderfull store n delightful staff with customer friendly behaviour ..thanks preet,27-06-2019,google,Positive,4.48
it's a great place to get all mi products. very supportive staff.,26-06-2022,google,Positive,4.48
nice store environment are very good then staff owsm,27-06-2019,google,Positive,4.48
very good place having all mi gadgets ....very helpful crew members ..mr.ranjit gives full efforts for customer satisfaction.,27-06-2019,google,Positive,4.46
it's a good place to visit for mi products. staff well educated and responsive.,26-06-2021,google,Positive,4.46
it's a owsm store mi home location is very nice then staff is good,27-06-2019,google,Positive,4.46
good experience and nice staff support,27-06-2019,google,Positive,4.46
very nice store then location is good,27-06-2019,google,Positive,4.46
excell√®nt  &  beautiful    ,24-06-2024,facebook,Positive,4.44
the 'trio' behind me is one of the best 'team' i have ever come across honest and selfless. thank u team for the great experience at your store,#VALUE!,google,Positive,4.44
"i really feel so much happy meet with everyone they give us solutions for finance. even i came to buy for 32"" and they told me about bajaj finance. and i convein 43"" led tv.  and one more thing they treat us so good.",27-06-2019,google,Positive,4.44
met ranjeet when buy   fit bithrx  service is good n best of luck for future,27-06-2019,google,Positive,4.44
this made me feel real good about getting the s24 ultra,23-06-2024,youtube,Positive,4.44
awesome comparison and analysis video how come no outro,23-06-2024,youtube,Positive,4.44
awesome comparison and analysis video how come no outro,23-06-2024,youtube,Positive,4.44
great news,25-06-2024,facebook,Positive,4.42
great,24-06-2024,facebook,Positive,4.42
xiaomi is great,25-06-2024,facebook,Positive,4.42
great palace,26-02-2024,google,Positive,4.42
i had a great experience with mi home rdc ghaziabad in purchasing products.,27-06-2019,google,Positive,4.42
awsome shop and great employee of rdc mi store,27-06-2019,google,Positive,4.42
great shirt d,22-06-2024,youtube,Positive,4.42
great shirt d,22-06-2024,youtube,Positive,4.42
great video,23-06-2024,youtube,Positive,4.42
great review,23-06-2024,youtube,Positive,4.42
best phone redmi note 13 pro+ü•≥ü•≥staff very helpful ‚Ä¶,27-01-2024,google,Positive,4.4
staff is very good behavior,26-02-2024,google,Positive,4.4
very nice place  nice place to purchase  try to meet rahul pandey sir for full specification and clarification . gentle man .   i m in love with mi,26-06-2021,google,Positive,4.4
had an amazing experience buying at the store. i loved the mobile phone. thanks ranjit singh,27-06-2019,google,Positive,4.4
very good service ...helpful staff member nitin singh,27-06-2019,google,Positive,4.4
friendly staff. good product range. nice experience.,27-06-2019,google,Positive,4.4
good staff and good dealingbest store in location,27-06-2019,google,Positive,4.4
awesome experience in store mr. gaurav is very helpful and understanding...,27-06-2019,google,Positive,4.4
the atmosphere of the area is naturally good & all employees are good coperate behavior.,26-06-2020,google,Positive,4.4
very good service from mr. gaurav sharon ji.,27-06-2019,google,Positive,4.4
good staff behaviour good service,27-06-2019,google,Positive,4.4
a one store our staff is very good,27-06-2019,google,Positive,4.4
good staff behavior good product knowledge,27-06-2019,google,Positive,4.4
i love your videos keep up the good work,23-06-2024,youtube,Positive,4.4
i love your videos keep up the good work,23-06-2024,youtube,Positive,4.4
bro...take my love and....god bless you...for your honest review and.... a true decision  i am egargly waiting for you video,23-06-2024,youtube,Positive,4.4
bro...take my love and....god bless you...for your honest review and.... a true decision  i am egargly waiting for you video,23-06-2024,youtube,Positive,4.4
hi arun next time you make a video of flagship phone can u also include the comparison of customer care. alsl this video was awesome enjoyed it.,23-06-2024,youtube,Positive,4.4
wow  that's awesome,25-06-2024,facebook,Positive,4.38
near our house perfect mi home loving it,27-06-2019,google,Positive,4.38
staff is very cooperative and great experience visiting mi home. keep us the good work,27-06-2019,google,Positive,4.38
such great experience in this store very supportive staff and good demo product. thanks buddy,26-06-2020,google,Positive,4.38
very nice store and location r very owsm then very good staff,27-06-2019,google,Positive,4.38
amazing ambience good experience with skilled staff namely mr.gourav sharma,27-06-2019,google,Positive,4.38
you should review the ulefone armor 24 (i love your content its easily understandable and its nice to see all the new tech innovations or just some stuff i didnt know about yet keep up the good work),23-06-2024,youtube,Positive,4.38
nicely explained all the details of the product we needed. keep up the good work gaurav and nitin.,27-06-2019,google,Positive,4.36
great products at very reasonable prices. staff is really helpful enthusiastic.,27-06-2019,google,Positive,4.36
most amazing jobs by mi home guy's.micommerc throgh delivered products nice vipul.,26-06-2020,google,Positive,4.36
i had a great experience and i am loving my new mi band3,27-06-2019,google,Positive,4.36
the store is pretty good. and the service was really nice.,27-06-2019,google,Positive,4.36
just here to appreciate the the thumbnail literally a very creative thumbnail,23-06-2024,youtube,Positive,4.36
just here to appreciate the the thumbnail literally a very creative thumbnail,23-06-2024,youtube,Positive,4.36
wow your video edits is perfect at every moment,23-06-2024,youtube,Positive,4.36
thank you aaron. now i can feel peace to see you back into your delicious review.,23-06-2024,youtube,Positive,4.36
wow your video edits is perfect at every moment,23-06-2024,youtube,Positive,4.36
thank you aaron. now i can feel peace to see you back into your delicious review.,23-06-2024,youtube,Positive,4.36
congratulations xiaomi love you xiaomi,21-06-2024,facebook,Positive,4.34
nice experience to visit here... official person are also good in behaviour,27-06-2019,google,Positive,4.34
good service and nice behavior of staff.,27-06-2019,google,Positive,4.34
nice  store for product  reason  wise they  very  helpful üòä ‚Ä¶,26-06-2021,google,Positive,4.34
nice discount on mobile and good serviceby ranjeet singh,27-06-2019,google,Positive,4.34
amazing service and product too thank you mi for this,27-06-2019,google,Positive,4.34
it's nice store then environment are good,27-06-2019,google,Positive,4.34
good staff behaviour nice store,27-06-2019,google,Positive,4.34
ok bro...that throw and phone catch was smooth...just wondering how many takes it took ....thanks for a great review,23-06-2024,youtube,Positive,4.34
ok bro...that throw and phone catch was smooth...just wondering how many takes it took ....thanks for a great review,23-06-2024,youtube,Positive,4.34
nice lovely,21-06-2024,facebook,Positive,4.32
good service and great price offers,27-06-2019,google,Positive,4.32
hey next can you do a best budget phones of 2024 which includes poco x6 pro and how other budget phones in that price range compare against it and which is the best budget phone which ticks all of the boxes.,23-06-2024,youtube,Positive,4.32
hey next can you do a best budget phones of 2024 which includes poco x6 pro and how other budget phones in that price range compare against it and which is the best budget phone which ticks all of the boxes.,23-06-2024,youtube,Positive,4.32
arun as always thanks for your time & great infotainment & if you think the unboxing you had was great imagine my surprise when i went to the store to pick it up & the box was brought in by a forklift ok it was not a forklift but my goodness the box was huge at just under us$1200 it came withthe 90w brick the 80w wireless charger (so we can charge wirelessly faster than apple & the s24 charges wired ) a beautiful textured black everydaycase & the camera kit.the unboxing experience was next level & as it was the first 14u the store sold all eyes were on it. so on top of all that the store gave out a fab backpack & a pair of earpads too   i have a 5mnt vid on it if y'all wanna see what that box was like  mad almost two months since the purchase & i am absolutely loving this phone & everything it came with,22-06-2024,youtube,Positive,4.32
arun as always thanks for your time & great infotainment & if you think the unboxing you had was great imagine my surprise when i went to the store to pick it up & the box was brought in by a forklift ok it was not a forklift but my goodness the box was huge at just under us$1200 it came withthe 90w brick the 80w wireless charger (so we can charge wirelessly faster than apple & the s24 charges wired ) a beautiful textured black everydaycase & the camera kit.the unboxing experience was next level & as it was the first 14u the store sold all eyes were on it. so on top of all that the store gave out a fab backpack & a pair of earpads too   i have a 5mnt vid on it if y'all wanna see what that box was like  mad almost two months since the purchase & i am absolutely loving this phone & everything it came with,22-06-2024,youtube,Positive,4.32
you should do s24 ultra vs honor magic 6 pro and reviews the honor phone too please,23-06-2024,youtube,Positive,4.32
you should do s24 ultra vs honor magic 6 pro and reviews the honor phone too please,23-06-2024,youtube,Positive,4.32
best place to buy mi phones and other products. the store recently opened in rajnagar.staff is very helpful and friendly and offers best price. ‚Ä¶,27-06-2019,google,Positive,4.3
 mi commerce its a very nice service...i was recently served by mr. rishpal singh.he is really nice and friendly person.,26-06-2020,google,Positive,4.3
good store worth visiting goid range and nice staff.,26-06-2021,google,Positive,4.3
i loved the background music.,24-06-2024,youtube,Positive,4.3
i loved the background music.,24-06-2024,youtube,Positive,4.3
nice store... nice experience.,27-01-2024,google,Positive,4.28
good service and amazing  storei am also visit  rdc gzb mi storesir please  inform kro 10 may ko store open hoga,26-06-2021,google,Positive,4.28
it's amazing store then environment are owsm staff member mr rishpal very sporting then good knowledge thanku mi,27-06-2019,google,Positive,4.28
good staff behavior.... really appreciate the help got from them....,27-06-2019,google,Positive,4.28
mi commerce services are the very good thanku mi home rdc and thanks for the mi home all team,26-06-2020,google,Positive,4.28
nice store and nice staff gud work,27-06-2019,google,Positive,4.28
while the s24 ultra is a better phone overall i gotta hand it to the xiaomi 14 ultra for its camera innovations and daring to do something different. having a charger in box is a great bonus,23-06-2024,youtube,Positive,4.28
i recommend doing every sega console ever. love your videos btw.,23-06-2024,youtube,Positive,4.28
the comparison graphics were so good this time,23-06-2024,youtube,Positive,4.28
i love how arun always says us and not you or i realyl makes you feel like you are just as normal as he is also love the shirt,23-06-2024,youtube,Positive,4.28
xiaomi is great thank you so much,21-06-2024,facebook,Positive,4.26
how nice this place..the staff is so friendly and helpful. they are really hardworking people.,27-06-2019,google,Positive,4.26
nice store thent location to very near about and staff is very good,27-06-2019,google,Positive,4.26
good and friendly environment .must provide discounts if visiting stores,26-06-2020,google,Positive,4.26
nice service by vipul micommerce delivery the commitment.,26-06-2021,google,Positive,4.26
now that's a true flagship unboxing experience. they didn't even have to include a case but they still did. good old xiaomi i hope they never change,23-06-2024,youtube,Positive,4.26
wow good model mobile   xiaomi 14 ultra i like this mobile,21-06-2024,facebook,Positive,4.24
staff is gud... and i like the way they explained me about the phone with honesty.lots of mi option on one place. nice showroom of mi to visit all items at one place.,27-06-2019,google,Positive,4.24
it's a very nice store then location r near about staff kwladge  good,27-06-2019,google,Positive,4.24
awesome people around here. quality served was very high. would highly recommend this place,27-06-2019,google,Positive,4.24
its amazing store like all product are available thanxx mi,27-06-2019,google,Positive,4.24
very nice store irs amzing location for near about then good staaf,27-06-2019,google,Positive,4.24
my experience in mi home is so good and thanks thanks for ranjeet singh üëçüëç ‚Ä¶,27-06-2019,google,Positive,4.24
almost all products are available all timestaff is good and helpful,27-06-2019,google,Positive,4.24
really nice store very environment then good staff,27-06-2019,google,Positive,4.24
nice review would like to know if the 14 ultra photography kit fits and works on the 13 ultra,23-06-2024,youtube,Positive,4.24
nice review would like to know if the 14 ultra photography kit fits and works on the 13 ultra,23-06-2024,youtube,Positive,4.24
i really love the grip thing for the camera with the shutter button and zoom clipits pretty useful,23-06-2024,youtube,Positive,4.24
i really love the grip thing for the camera with the shutter button and zoom clipits pretty useful,23-06-2024,youtube,Positive,4.24
very sportable staff special krishan kumar very good behavior,26-02-2024,google,Positive,4.22
a very good showroom of mi electronics.all mi products are available in one hood with same prices of mi online stores.staff behaviour is good and they can give u full detials of product and can ‚Ä¶,27-06-2019,google,Positive,4.22
mi experience center at rdc rajnagar is extremely well placed full of life changing products available on display for real life experience. im glad to own some if them & looking forward to own many more such great products.,27-06-2019,google,Positive,4.22
nice experience especially thanks to mr ranjeet for his cooperation..,27-06-2019,google,Positive,4.22
thanks team good supporting and provided the mobile on micommerce.,26-06-2020,google,Positive,4.22
new opening... good products... good service and availability,27-06-2019,google,Positive,4.22
nice and friendly service specifically mr. ranjeet,26-06-2020,google,Positive,4.2
very nice service mi home rdc thanks rdc team,26-06-2021,google,Positive,4.2
glad you uploaded a video hope your back more often. i enjoy your videos.,23-06-2024,youtube,Positive,4.2
did i get used to the newer style of videos or is this video a bit more like your older videos a lot less fast paced over the top and calmer. i enjoy calmer videos much more,23-06-2024,youtube,Positive,4.2
did i get used to the newer style of videos or is this video a bit more like your older videos a lot less fast paced over the top and calmer. i enjoy calmer videos much more,23-06-2024,youtube,Positive,4.2
bruh i wish to see you do honor magic 6 pro too. d,24-06-2024,youtube,Positive,4.2
bruh i wish to see you do honor magic 6 pro too. d,24-06-2024,youtube,Positive,4.2
awesome+ unique+ upto the mark... multitalent experienced and so gently dealing with customers,27-06-2019,google,Positive,4.18
amazing store then r gud staff,27-06-2019,google,Positive,4.18
the huge camera bump the camera grip case/power bank the lanyard... nokia did all of these 11 years ago with their legendary lumia 1020.the good old lumia days...,23-06-2024,youtube,Positive,4.18
i know this has nothing to do with tech but u have such a great personality that i think you would be great in the game show the traitors. i think it would be epic,23-06-2024,youtube,Positive,4.18
thanks for this review. i really love photography and music. the cameras on the xiaomi 14 ultra looks better. am really battling which to get between the two.,23-06-2024,youtube,Positive,4.18
nice i really hope that honor magic pro 6 will be next on your channel i want to buy it and i told my self i will not do that unless i will see you testing it first,23-06-2024,youtube,Positive,4.18
nice i really hope that honor magic pro 6 will be next on your channel i want to buy it and i told my self i will not do that unless i will see you testing it first,23-06-2024,youtube,Positive,4.18
another amazing video,23-06-2024,youtube,Positive,4.18
another amazing video,23-06-2024,youtube,Positive,4.18
good place for xiaomi lovers. they have variety of phones and laptops. showpiece are also available to check on. but they have standard xiaomi discounts ie. lower than ecommerce sites and other brands like croma vijay sales etc. otherwise place is good to go.,26-06-2022,google,Positive,4.16
fast amd efficient staff. satisfied with their service and product looks alright. thanks.,27-06-2019,google,Positive,4.16
such great service like i think delivered in as comments in telephone.thansk team.,26-06-2020,google,Positive,4.16
good too see the helpful staff mr nitin helped me lot to find out my new mobile thanks.,27-06-2019,google,Positive,4.16
nice store and envirment are good then location is near about,27-06-2019,google,Positive,4.16
thanks micommerc for delivering my product . good service.,26-06-2020,google,Positive,4.16
a very helpful staff with good knowledge of product.,27-06-2019,google,Positive,4.16
hey i've always wondered if best buy's open box items are worth it or reliable. what are your thoughts on them,23-06-2024,youtube,Positive,4.16
i bought the galaxy 24 ultra on launch and omg you put into words why the typing feels so nice,23-06-2024,youtube,Positive,4.16
i bought the galaxy 24 ultra on launch and omg you put into words why the typing feels so nice,23-06-2024,youtube,Positive,4.16
kept the 14u and sold my s24u  both superb and could not deny the spen and flat screen real estate of the s24u but the square design made it less pocketable in daily use for me (even though the 14u has the massive camera bump its way easier to handle and pocket as a 'phone'). camera on the 14u clinched the win for me though  much preferred the output from the 14u on photos and in particular macros which i take a lot of.,23-06-2024,youtube,Positive,4.16
kept the 14u and sold my s24u  both superb and could not deny the spen and flat screen real estate of the s24u but the square design made it less pocketable in daily use for me (even though the 14u has the massive camera bump its way easier to handle and pocket as a 'phone'). camera on the 14u clinched the win for me though  much preferred the output from the 14u on photos and in particular macros which i take a lot of.,23-06-2024,youtube,Positive,4.16
both are good,25-06-2024,facebook,Positive,4.14
i love xiaomi,21-06-2024,facebook,Positive,4.14
good to see you,21-06-2024,facebook,Positive,4.14
brazilians love products from china,24-06-2024,facebook,Positive,4.14
good,24-06-2024,facebook,Positive,4.14
i love ur phone,18-06-2024,facebook,Positive,4.14
love,24-06-2024,facebook,Positive,4.14
xiaomi '' good,24-06-2024,facebook,Positive,4.14
this place is good to purchase or connect with mi..... üëçüèª ‚Ä¶,27-01-2024,google,Positive,4.14
good behavior spesly kirshan,26-02-2024,google,Positive,4.14
good customer service experience.....,27-06-2019,google,Positive,4.14
i found this store exceptionally good in terms of personalized attention towards customer neat and tidey store with wide range of products the team members are professional always smiling ready to serve attitude helping customer with ‚Ä¶,26-06-2020,google,Positive,4.14
good behaviour,26-02-2024,google,Positive,4.14
perfectly fine üôÇgood products and affordable prices üëå ‚Ä¶,26-06-2022,google,Positive,4.14
good service,26-02-2024,google,Positive,4.14
it's a good placeranjit sir attended usgood showroom,27-06-2019,google,Positive,4.14
good experience i had purchased mi tv 32 inches from there.,27-06-2019,google,Positive,4.14
good,26-02-2024,google,Positive,4.14
i'm buying mi phone at store and is experience is too good,27-06-2019,google,Positive,4.14
very satisying. ranjeet singh is very helpful considerate and sincere.,27-06-2019,google,Positive,4.14
verry good customer experience by ranjeet singh,27-06-2019,google,Positive,4.14
it is always a good experience to visit mi store in rdc ghaziabad,27-06-2019,google,Positive,4.14
icymi @ quite smartly done mrwhosetheboss by typing 'subscribe please'    genuinely like that haha,13-06-2024,youtube,Positive,4.14
i love the video editing 10/10,23-06-2024,youtube,Positive,4.14
i have waited for this for a year or so ( since the 13 ultra vs 14 pro max video ) good job as always,23-06-2024,youtube,Positive,4.14
i love the video editing 10/10,23-06-2024,youtube,Positive,4.14
i have waited for this for a year or so ( since the 13 ultra vs 14 pro max video ) good job as always,23-06-2024,youtube,Positive,4.14
next you should review the byd seal probably the best car for its price or even on the market of the electric catagory,23-06-2024,youtube,Positive,4.14
next you should review the byd seal probably the best car for its price or even on the market of the electric catagory,23-06-2024,youtube,Positive,4.14
when i saw that camera app lens transition i was like wow it transitions better than samsung camera app,23-06-2024,youtube,Positive,4.14
good catch,23-06-2024,youtube,Positive,4.14
good catch,23-06-2024,youtube,Positive,4.14
greetings from poland  i am your big fan  (redmi note 8t is the best),25-06-2024,facebook,Positive,4.12
woow this is so good that company opened his mi home.i experienced and i feel good they attend us very respectful.now we no need to buy another store in extra money.  the give us phone above ‚Ä¶,27-06-2019,google,Positive,4.12
so much supported staff specially ranjeet ji. he helped me. and store is so nice.,27-06-2019,google,Positive,4.12
it's been great with dealing with executive (ranjeet) really helpfull,27-06-2019,google,Positive,4.12
i love the fact that you always do so much research and never fail to exceed my expectations,23-06-2024,youtube,Positive,4.12
i love the fact that you always do so much research and never fail to exceed my expectations,23-06-2024,youtube,Positive,4.12
this mi home company outlet please vist this store....staff very helpful & behaviour also good......,27-03-2024,google,Positive,4.1
wonderfull experience with mr ranjeet singh. nice shopping experiwnce.. thanks mi,27-06-2019,google,Positive,4.1
i got used to xiaomi os and yes its very smooth. very clever phone. still learnig it. hyper os,23-06-2024,youtube,Positive,4.1
thanks for the detailed review looking for your  review on honor magic 6 pro,23-06-2024,youtube,Positive,4.1
thanks for the detailed review looking for your  review on honor magic 6 pro,23-06-2024,youtube,Positive,4.1
super cool,25-06-2024,facebook,Positive,4.08
i have one of the xiaomi it's good but i'm in search of an advanced model in pakistan.,25-06-2024,facebook,Positive,4.08
that variable aperture is super cool,23-06-2024,youtube,Positive,4.08
the big chunky camera works great when holding the phone. the edge of the camera rests on your pointer finger.so even tho the camera adds weight it also adds an edge for better grip.like every new phone we get you just get used to it.i have the 11 ultra (also has a chunky camera)and will likely get the 14 ultra next.thanks for the review.,23-06-2024,youtube,Positive,4.08
the big chunky camera works great when holding the phone. the edge of the camera rests on your pointer finger.so even tho the camera adds weight it also adds an edge for better grip.like every new phone we get you just get used to it.i have the 11 ultra (also has a chunky camera)and will likely get the 14 ultra next.thanks for the review.,23-06-2024,youtube,Positive,4.08
micommerce rishpal singh nice guy managing all protocols which are required in this current situation. very much thankful to him,26-06-2020,google,Positive,4.06
amazing experience with quick service given by mr. ranjeet,27-06-2019,google,Positive,4.06
i love your videos but...this one is a little more on the side of samsung like its sponsored. you don't have to hold the phone close to the camera but you can also rest your fingers on the camera because you didn't mention that no prints remain on that surface and you don't have to clean the cameras at all they simply don't get dirty which is extra. charging batery from 0 to 100% for 15 minutes xou didnt mentioned all adds can be disabledall. and for the camera samsung is not close at all  i think you did a great job with this video but you weren't objective.,23-06-2024,youtube,Positive,4.06
i love your videos but...this one is a little more on the side of samsung like its sponsored. you don't have to hold the phone close to the camera but you can also rest your fingers on the camera because you didn't mention that no prints remain on that surface and you don't have to clean the cameras at all they simply don't get dirty which is extra. charging batery from 0 to 100% for 15 minutes xou didnt mentioned all adds can be disabledall. and for the camera samsung is not close at all  i think you did a great job with this video but you weren't objective.,23-06-2024,youtube,Positive,4.06
the rear bezel actually added more structural strength for the phone it's the foundation to make the guardian structure valid as a selling point and it does perform better in reallife dropping tests compared with other flagshipsas a xiaomi 13 ultra owner i personally like the look and feel of the bezel as well when you grab it and imagine there's no such a huge camera bump,23-06-2024,youtube,Positive,4.06
thanks for the review i see it to be very objective. the reflective feature on the samsung s24 ultra makes it great for watching movies and even just normal phone usage. i have the xiaomi 14 pro and i've experience how surrounding light makes screen viewing difficult. all in all i still love my xiaoimi 14 pro cuz it gives me that extra touch.,23-06-2024,youtube,Positive,4.06
it's a very nyc store very good staff thanx mi,26-06-2020,google,Positive,4.04
i like that camera grip option given cameras are a huge factor in phones these days i have no idea why manufacturers don't offer more than the flat slab with a few normal lenses. theres room for full optical lenses these days especially given battery demands and balance/ergonomic issues. i'd love to see a m43 mount over a big sensor or an optical zoom lens like an updated galaxy zoom. there's so much that could be done if they weren't resigned to the same form factor.,23-06-2024,youtube,Positive,4.04
hey just a cool video idea u can compare an old flagship phone ( iphone or samsung like iphone 6 for example) to a new budget phone it can make some fun comparisons,23-06-2024,youtube,Positive,4.04
hey just a cool video idea u can compare an old flagship phone ( iphone or samsung like iphone 6 for example) to a new budget phone it can make some fun comparisons,23-06-2024,youtube,Positive,4.04
i wish there would be a song list in this videos. such amazing tune choice and no chance to get them somewhere,23-06-2024,youtube,Positive,4.04
i wish there would be a song list in this videos. such amazing tune choice and no chance to get them somewhere,23-06-2024,youtube,Positive,4.04
very worthy comparison across the ultras thanks for taking the time to do this. will go with the s24u.,23-06-2024,youtube,Positive,4.04
very worthy comparison across the ultras thanks for taking the time to do this. will go with the s24u.,23-06-2024,youtube,Positive,4.04
congrats and more to come,21-06-2024,facebook,Positive,4.02
nice,25-06-2024,facebook,Positive,4.02
nice,24-06-2024,facebook,Positive,4.02
nice staffs,#VALUE!,google,Positive,4.02
thanksgiving nice service,26-02-2024,google,Positive,4.02
nice üëçüëç ‚Ä¶,26-02-2024,google,Positive,4.02
i purchased poco f1 from mi home rdc. there is so much supportive staff and mr. gaurav is really helpful.,27-06-2019,google,Positive,4.02
nice store,27-03-2024,google,Positive,4.02
nice,27-03-2024,google,Positive,4.02
nice store,26-02-2024,google,Positive,4.02
nice service,26-02-2024,google,Positive,4.02
excellent service wide range of products helful staff,27-06-2019,google,Positive,4.02
nice environment,26-02-2024,google,Positive,4.02
arun nagar has nice knowledge...good to purchase mi,27-06-2019,google,Positive,4.02
nice place for mi experience.must visit for mi products nearby .,27-06-2019,google,Positive,4.02
nice,27-01-2024,google,Positive,4.02
nice service in store. keep it up.,27-06-2019,google,Positive,4.02
random question but are you able to do a review on the phones you can buy off amazon i live in canada and i keep seeing ads for umidigi and ulefone . some of them have crazy specs like 100 megapixel cameras 25 megapixel night vision camera etc would be interesting to see a good video.,23-06-2024,youtube,Positive,4.02
random question but are you able to do a review on the phones you can buy off amazon i live in canada and i keep seeing ads for umidigi and ulefone . some of them have crazy specs like 100 megapixel cameras 25 megapixel night vision camera etc would be interesting to see a good video.,23-06-2024,youtube,Positive,4.02
the video we all been waiting for. a camera comparison would be nice,23-06-2024,youtube,Positive,4.02
its funny how youtube try to change something but we still find a loop hole lmfao,23-06-2024,youtube,Positive,4.02
its funny how youtube try to change something but we still find a loop hole lmfao,23-06-2024,youtube,Positive,4.02
nice one handed Ô∏è  caught,23-06-2024,youtube,Positive,4.02
nice one handed Ô∏è  caught,23-06-2024,youtube,Positive,4.02
staff  knowledge is good and all model available at store,27-06-2019,google,Positive,4
thank you for such a good service mr sandeep,26-06-2020,google,Positive,4
the camera bump is an actual hassle on my xiaomi 13 ultra.. until i've used it for a month then it becomes a really great location to rest your finger.. it's actually a very convenient design,23-06-2024,youtube,Positive,4
good mobile in this price segment. i purchased this mobile to play free fire it runs very well in standard quality but there is no game turbo voice changer split screen option in this mobileüò≠ it stacks and restawhen i open and using a heavy apps average camera quality but best quality in this budget range slow downloading on mobile data battery backup is not bad.  but i liked this phone in this price segment.review after using 7 days,18-03-2024,amazon,Positive,4
nice phone. this phone is one of the best phone under 20000the camera is also nice but this phone is a bit laggy  but overall it's nice and can work for 2 years very easily.,20-05-2024,amazon,Positive,4
13c 6/128gb. after 3days of usage for 6/128gb phone myoverall experience is good whether it comes in terms for camera clarity games phone system processor.display quality is very good as compare to price range of this phone. no heating issues and no lagging issues were found till nowcons speaker sound of this phone is not upto the mark quality need to be improved .battery üîãdrains very early as compare to other phones with same battery size. as i have to charge my new phone twice due to heavy internet usage.üîã‚ö° takes approx more than 2hours to be full .no quick charging is there in this phone.overall we can consider this phone if u are okay with the battery üîãin this budget.,04-06-2024,amazon,Positive,4
affordable. appearance of mobile is good and quality of sound is just ok mobile is not hanging  ease of use overall good mobile in affordable  budgetno heating problemtouch is goodbattery life is the biggest  problem  if we see 10 minute  video battery drains quickly  from 80 to 60 i faced personally,17-06-2024,amazon,Positive,4
good one. nice,22-06-2024,amazon,Positive,4
looks awesome. overall well performance,22-06-2024,amazon,Positive,4
mi 13c 4g white color 4 128. white color is superb suits this model üëç,20-06-2024,amazon,Positive,4
value for money. only thing to be improved is camera quality which is not looks like 50mp other than that all goodüëç,14-06-2024,amazon,Positive,4
good for this price. camera quality good for this price .battery life good .looking good .,12-06-2024,amazon,Positive,4
reasonable price. good quality phone in an affordable price. picture quality is not great. but overall it is worthy to invest.,12-06-2024,amazon,Positive,4
ok. ok,15-06-2024,amazon,Positive,4
split screen nhi hai.. no split screen supported.system apps update only on settings.play store me sab app ka update chahiye tha.18 watt charger de dete 100200 le kar .although spend money on 5g not in 4g .redmi ui is worse than others.if you have money buy samsung f14 5g and potronics charger and type c cable.if you are broke then go for it . this is not bad.a/c to price this is the best phone so far.,17-05-2024,amazon,Positive,4
fantastic. nice phone,13-06-2024,amazon,Positive,4
value for money. nice mobile,18-06-2024,amazon,Positive,4
value for the money. good product. display could have been better.,13-06-2024,amazon,Positive,4
low budget best mobile. this is a very good mobile. the look is quite good. performance is nice also it could run bgmi. overall good performance of all. happy to buy it .,31-05-2024,amazon,Positive,4
best. but sound is very low,08-06-2024,amazon,Positive,4
super. just ok,10-06-2024,amazon,Positive,4
nice color. touch is not that good,21-06-2024,amazon,Positive,4
good. good performance mobile,19-06-2024,amazon,Positive,4
best phone under rs 10000. one person found this helpful,12-06-2024,amazon,Positive,4
phone. good phone,04-06-2024,amazon,Positive,4
gud product. gud product,29-05-2024,amazon,Positive,4
excellent product. this is a perfect product for the money spend and the my requirements for personal and professional usage. highly recommend,23-05-2024,amazon,Positive,4
good product. value for money. best budget phone. good quality camera,27-05-2024,amazon,Positive,4
good product. good product,25-05-2024,amazon,Positive,4
best. best,23-05-2024,amazon,Positive,4
nice phone. good features. display camerastorage all are good. perform smoothly.,19-05-2024,amazon,Positive,4
good moble. nice moble this bugut  üëå,20-05-2024,amazon,Positive,4
redmi 13c. value for money what else can you expect from a 8k phone. camera and screen quality could have been better.,20-05-2024,amazon,Positive,4
best product. .,22-05-2024,amazon,Positive,4
absolute condition. product quality good.charging not upto mark.memory good.ram sufficient.internet connectivity good.quiet heat wave.,13-05-2024,amazon,Positive,4
good product. just purchased. so far it's good.let's see will keep you'll updated,14-05-2024,amazon,Positive,4
budget mobile for light use only. product  redmi 13c (stardust black 4gb ram 128gb storage)seller  darshita mobilesdate of purchase april 2024price @ time of purchase ‚Çπ7699in box contents  mobile  adapter  cable  sim ejector pinpros   1.camera is good.  2.battery is satisfactory  3.light weight easy to carrycons   1.lager bezels  2.fast charger not included  3.some lags are found during operationthis review is entirely my true experience with the product and not for promotion.,18-04-2024,amazon,Positive,4
good. good,16-05-2024,amazon,Positive,4
good product. camera awesome,21-05-2024,amazon,Positive,4
redmi mobile. purchase this product because it's sufficient for used,15-05-2024,amazon,Positive,4
worthy. good product,16-05-2024,amazon,Positive,4
affordable for features. good to handle large screen memory size is good features are good for the cost.may be picture quality and battery needs to be improved in the next version camera popup frame is little unsafe,29-04-2024,amazon,Positive,4
bought for my mother. screen quality is nice and a perfect buy for the elders.,10-05-2024,amazon,Positive,4
good product. features are good.,13-05-2024,amazon,Positive,4
ok. value for money,08-05-2024,amazon,Positive,4
good. good,08-05-2024,amazon,Positive,4
nice product. nice product,04-05-2024,amazon,Positive,4
very good collection. nice features good looking battery backup also good overall perfect mobile üì± go for it,29-04-2024,amazon,Positive,4
better  mobile. good working internet calling,26-04-2024,amazon,Positive,4
great mobile. awesome mobile in this budget camera quality very nice,21-04-2024,amazon,Positive,4
worth it. sound quality need to improve. otherwise best product for this value.,23-04-2024,amazon,Positive,4
performance. phone is good at this price range its affordable,02-05-2024,amazon,Positive,4
good mobile. camera like is not good... except that the phone is very goodüëç,22-04-2024,amazon,Positive,4
super. nice product,04-05-2024,amazon,Positive,4
ok.. can buy this .,06-05-2024,amazon,Positive,4
redmi 13. the phone performance is very nice,30-04-2024,amazon,Positive,4
i like this. in this price the phone is very good. ram and rom is enough in this price range. camera is quite good. battery backup is very nice.,13-04-2024,amazon,Positive,4
mobile is good but sound less. all are good but sound less,01-05-2024,amazon,Positive,4
very nice. quality,07-05-2024,amazon,Positive,4
nic. good,28-04-2024,amazon,Positive,4
worth the money. an average phone at quite a cheap price.best for people with limited use of smartphone. camera is ok overall good performance battery could have been better.,02-05-2024,amazon,Positive,4
best smartphone. after redmi5 brought this one good and worthy.. battery and camera okay level,16-04-2024,amazon,Positive,4
price worthy. good product with 256 gb memory 8+8 gb ram. but camera quality is not very good.,20-04-2024,amazon,Positive,4
a phone with good camera and battery. purchased the product a month back. in daylight it is difficult to see the screen even if put for good brightness.,10-04-2024,amazon,Positive,4
nice phone. brightnesssmoothnesscameraqualityperformancefingerprint sensor,18-04-2024,amazon,Positive,4
low sound quality. very very low sound quality but ok.,20-04-2024,amazon,Positive,4
good. report,20-04-2024,amazon,Positive,4
good value for money nothing special. nothing special. good value for money,23-04-2024,amazon,Positive,4
camera not clear. camera clearity is not perfect performance is best.,19-04-2024,amazon,Positive,4
best for old people. i like it it is best for old people average in games,11-04-2024,amazon,Positive,4
it's ok. gsbs ss s,12-04-2024,amazon,Positive,4
packaging. packaging was not good product was ok,13-04-2024,amazon,Positive,4
the best phone. minde blowing,16-04-2024,amazon,Positive,4
arshad rajah. best üòúvalue for money,26-03-2024,amazon,Positive,4
phone looking beautiful ‚ù§Ô∏è‚ù§Ô∏è‚ù§Ô∏è‚ù§Ô∏è‚ù§Ô∏è. battery üîã ok.camera nice üëçüëçüëç.but redmi all model network issues.......that is bad point for me........,15-03-2024,amazon,Positive,4
very nice. awesome,30-03-2024,amazon,Positive,4
complete package phn cover missing. looking good,18-03-2024,amazon,Positive,4
these gaming phones are best in low price,21-06-2024,facebook,Positive,3.98
i have purchased note 12 pro plus yesterday from mi store from mr. harish.he is so nice and polite..... he specially came to give my phone at a different location and waited for so long.... thank you so much.üòä ‚Ä¶,26-06-2023,google,Positive,3.98
it was nice to go there ...great experience  skilled staff .....just try it once,#VALUE!,google,Positive,3.98
it's a amazing mi home vgud location gud service staff is very gud,27-06-2019,google,Positive,3.98
it's amazing store then very nyc store staff,27-06-2019,google,Positive,3.98
arun has grown so much as a content creator and i love it,23-06-2024,youtube,Positive,3.98
arun has grown so much as a content creator and i love it,23-06-2024,youtube,Positive,3.98
not sure but the sound of this video is different but as always great review,23-06-2024,youtube,Positive,3.98
not sure but the sound of this video is different but as always great review,23-06-2024,youtube,Positive,3.98
it depends if you want a full featured phone versus an aosp skin. nothing can go as deep as knox and having straight up an entirely different zero latency audio engine dex that can rub windows natively and even full on pc games etc etc. as a phone it's pretty cool,19-06-2024,youtube,Positive,3.98
ranjeet singh is nice guy and supported. in future want to buy another product from him,27-06-2019,google,Positive,3.96
it's a very nice store then staff is very gud,27-06-2019,google,Positive,3.96
w editors the video was fun to watchsince no one appreciates them that often Ô∏è,23-06-2024,youtube,Positive,3.96
i watched oneplus 12pro review both marques and you. there were so many thing that he just missed. thank you for doing the kind of research and putting in the time so that we can make a more informed decision. thank you,23-06-2024,youtube,Positive,3.96
i watched oneplus 12pro review both marques and you. there were so many thing that he just missed. thank you for doing the kind of research and putting in the time so that we can make a more informed decision. thank you,23-06-2024,youtube,Positive,3.96
super xiaomi,23-06-2024,facebook,Positive,3.94
mi home is a very owsm then all model r available in our store and very nice mi home staff,27-06-2019,google,Positive,3.94
better,26-02-2024,google,Positive,3.94
super customer behaviour. keep it up....,27-06-2019,google,Positive,3.94
editing keeps getting better every vid,23-06-2024,youtube,Positive,3.94
i just realised that pictures look better on twitter,23-06-2024,youtube,Positive,3.94
i just realised that pictures look better on twitter,23-06-2024,youtube,Positive,3.94
but we already had this with older phones. samsung oneplus e.g. all did this in the past. xiaomi is just brining an old trend back. also as you yourself commented on it curved displays seemingly always struggle with registering gestures... honestly i am kind of happy were past that phase of phone design.,23-06-2024,youtube,Positive,3.94
good.i found what i desire and installation at same day. good service overall,26-06-2020,google,Positive,3.92
bruuuuh that drop dropped my soul alongside it this is what rich people are capable of,23-06-2024,youtube,Positive,3.92
those are definitely not just decorative camera rings i‚Äôm sure they‚Äôre there to hold like polarized lens filters and such,23-06-2024,youtube,Positive,3.92
let my bro free,23-06-2024,youtube,Positive,3.92
let my bro free,23-06-2024,youtube,Positive,3.92
left hand pick left right hand pick right,21-06-2024,facebook,Positive,3.9
nice store products unique..,26-02-2024,google,Positive,3.9
went to store today to buy phone unfortunately i was not carrying my icici bank credit card for discount. store executive harsh was very helpful he came to my house along with swipe machine and new phone to deliver the same to me. i swiped the phone outside my home and he delivered the phone to me. thanks for wonderful service.,26-06-2023,google,Positive,3.9
thanks for sharing your experience,27-01-2024,google,Positive,3.9
ecommerce ..  very good service. just one hour delivery for my new laptop. customer centric interaction by rishipal  from mi store rdc and nitin singh.. in the crucial scenario of corona pandemic also they perform thier duties well. hatts ‚Ä¶,26-06-2021,google,Positive,3.9
services are very best.even they all were there in time.security behaviour was vary good ‚Ä¶,27-06-2019,google,Positive,3.9
thanks guy's for reach at my end .nice jobs micommerce,26-06-2020,google,Positive,3.9
success xiaomi,24-06-2024,facebook,Positive,3.88
wow i want one tablet please,23-06-2024,facebook,Positive,3.86
wow i like it this phone pls sponser,21-06-2024,facebook,Positive,3.86
friendly environmentgood service,27-06-2019,google,Positive,3.86
i have been watching his videos for years but man i love how he slice down every single details.,23-06-2024,youtube,Positive,3.86
i have been watching his videos for years but man i love how he slice down every single details.,23-06-2024,youtube,Positive,3.86
had a positive experience at this store.staff is quite active and respectful.also mr gaurav sharma's efforts were appreciable.,27-06-2019,google,Positive,3.82
that's is authorised store of mi there is available of mi gudgets like mobile phone power bank tablet mobile accessories music system lcd t.v etcif you want to bye mi product so you need to come here,26-06-2021,google,Positive,3.82
i got an osm phn from here services were very gud‚ò∫Ô∏è satisfied ‚ù§Ô∏è,26-06-2021,google,Positive,3.82
love your videos what do you do with all the tech that you buy and review the big items i assume goes back to the manufacturer,23-06-2024,youtube,Positive,3.8
love your videos what do you do with all the tech that you buy and review the big items i assume goes back to the manufacturer,23-06-2024,youtube,Positive,3.8
amezing experience at visit to store positive staff behavior,26-06-2020,google,Positive,3.78
its a owsm store then location is near about nd staff is nice,27-06-2019,google,Positive,3.78
watching this makes me jealous of not being able to afford phones like that.. still going strong with my redmi note 8 pro. will hopefully be able to afford one by the end of the year and hopefully the prices will drop as well because the new xiaomi 14 ultra looks sick,23-06-2024,youtube,Positive,3.78
watching this makes me jealous of not being able to afford phones like that.. still going strong with my redmi note 8 pro. will hopefully be able to afford one by the end of the year and hopefully the prices will drop as well because the new xiaomi 14 ultra looks sick,23-06-2024,youtube,Positive,3.78
reguardless of if it‚Äôs more usefull/better i‚Äôd still wish companies would give us a curved and a non curved variant of their ultra phones. i miss having choices.,23-06-2024,youtube,Positive,3.78
congratulations xiaomi  i wish i can buy  phone,25-06-2024,facebook,Positive,3.76
the counter of tesla hahaha,25-06-2024,facebook,Positive,3.76
i have the 14 ultra myself and i have to say the camera grip accessory is a game changer for taking pics/vids makes it feel like a legitimate digital camera and definitely a head turner to anyone ive shown the phone to haha.,23-06-2024,youtube,Positive,3.76
 sorry but samsung flat display is exactly the main reason i left iphone 14 pro max where i was locked in the eco system. > it is natural to write on that flat display when like me you always use the s pen. curve display is cute but useless to me,23-06-2024,youtube,Positive,3.76
i like the video size ratio you are using utilising most of the screen with narrow black stripes on the side. video is also informative thanks,23-06-2024,youtube,Positive,3.74
this is the first time i actually smiled for your quirky suboneliners . the others were okay but this one brought me to the comments .,23-06-2024,youtube,Positive,3.74
this is the first time i actually smiled for your quirky suboneliners . the others were okay but this one brought me to the comments .,23-06-2024,youtube,Positive,3.74
will be full of bugs like their phones,24-06-2024,facebook,Positive,3.72
nice staff and product availability is also proper,27-06-2019,google,Positive,3.72
how do i check if my xiaomi is the original one,23-06-2024,facebook,Positive,3.7
i like 13 ultra...i'll save for it,25-06-2024,facebook,Positive,3.7
congratulations xiaomi my dream phone..,21-06-2024,facebook,Positive,3.7
sales staff mr yashpal is well mannered and explain the features very well,27-06-2019,google,Positive,3.7
really interesting video about physical nes,24-06-2024,youtube,Positive,3.7
really interesting video about physical nes,24-06-2024,youtube,Positive,3.7
wow,25-06-2024,facebook,Positive,3.68
wow,24-06-2024,facebook,Positive,3.68
if that going to work like mine xiaomi 12 ...well f*** that s***..good luck,24-06-2024,facebook,Positive,3.68
very helpful staff all,26-02-2024,google,Positive,3.68
cool,24-06-2024,facebook,Positive,3.66
nice store no need to purchase online all model and colour variations available at store,27-06-2019,google,Positive,3.66
very humble staff and also having good knowledge of the product,26-06-2020,google,Positive,3.66
they both great but left for me actually,25-06-2024,facebook,Positive,3.64
im using xiaomi 14 for the last 3 weeks and i haven't encountered any ads in the phone you can turn off fhe personalised ads in the settings then there will be no ads .the new os hyperos is really smooth comparing iwith miui .also there is a ton of features in the camera.if you  love photography go for xiaomi 14 ultra the device will never let you down.,23-06-2024,youtube,Positive,3.64
thanks for this review.,23-06-2024,youtube,Positive,3.64
thanks a lot i have been waiting for this video for 2 months,23-06-2024,youtube,Positive,3.64
who's catching the box at the back that was cool,23-06-2024,youtube,Positive,3.64
thanks a lot i have been waiting for this video for 2 months,23-06-2024,youtube,Positive,3.64
who's catching the box at the back that was cool,23-06-2024,youtube,Positive,3.64
thanks,23-06-2024,youtube,Positive,3.64
thanks,23-06-2024,youtube,Positive,3.64
i wish to buy14 ulta. how is battery backup. any draining issue. my use calling social media photography.plz share ur battery experience.,23-06-2024,youtube,Positive,3.64
this looks like bs right here,23-06-2024,youtube,Positive,3.64
xiaomi removing ads in some countries and improving upon this video would be absolute happs‚Ä¶,23-06-2024,youtube,Positive,3.62
congratulations xiaomi,21-06-2024,facebook,Positive,3.6
congratulations,21-06-2024,facebook,Positive,3.6
congratulations xiaomi...,25-06-2024,facebook,Positive,3.6
congratulations xioami..,21-06-2024,facebook,Positive,3.6
finally xiaomi did it offline store for every innovative product of their company at online price,27-06-2019,google,Positive,3.6
‚Äúi got hired by a ytuber‚Äù‚Äúwhats ur job‚Äù‚Äúsitting under a desk and catching things‚Ä¶‚Äù,23-06-2024,youtube,Positive,3.6
‚Äúi got hired by a ytuber‚Äù‚Äúwhats ur job‚Äù‚Äúsitting under a desk and catching things‚Ä¶‚Äù,23-06-2024,youtube,Positive,3.6
very helpful staff and all mi goods and stuff present,26-06-2021,google,Positive,3.58
software depends on usage. i like to carry 1 device instead of 1 for personal and 1 for work. so to have dual sim with the ability to clone any app was a deal breaker and got me using the xiaomi.,22-06-2024,youtube,Positive,3.58
software depends on usage. i like to carry 1 device instead of 1 for personal and 1 for work. so to have dual sim with the ability to clone any app was a deal breaker and got me using the xiaomi.,22-06-2024,youtube,Positive,3.58
hi my mobile got xiaomi hyperos update after that when i update my mobile the home button of my mobile doesn't work and the mobile gets hit any solution please,23-06-2024,facebook,Positive,3.56
maybe a heavier and thicker case might do it to be comfortable with it. it'll make the back of the phone flat and balance the heavy camera,23-06-2024,youtube,Positive,3.56
maybe a heavier and thicker case might do it to be comfortable with it. it'll make the back of the phone flat and balance the heavy camera,23-06-2024,youtube,Positive,3.56
i was waiting on you for this in fact today i woke up to check if you have posted this specific review of the mi 14 ultra and today you came up prompts  thanks arun,23-06-2024,youtube,Positive,3.54
i was waiting on you for this in fact today i woke up to check if you have posted this specific review of the mi 14 ultra and today you came up prompts  thanks arun,23-06-2024,youtube,Positive,3.54
hyperos is totally a garbage. i just bought my redmi note 13 pro 5g last february everything is fine and smooth. after the update from miui14 to hyperos it started to lag. battery heat too fast. it freezes when playing heavy games like pubg moba and‚Ä¶,23-06-2024,facebook,Positive,3.52
congrats xiaomi,21-06-2024,facebook,Positive,3.52
congrats,21-06-2024,facebook,Positive,3.52
congrats,21-06-2024,facebook,Positive,3.52
fastest charger ever in a car.... as a blessing of electric car,25-06-2024,facebook,Positive,3.5
that hand  in backround  was coming to grab the box from nowhere,23-06-2024,youtube,Positive,3.5
note10 light i want,21-06-2024,facebook,Positive,3.48
gift me this phone,25-06-2024,facebook,Positive,3.44
hope you added a skip button for skip ads,24-06-2024,facebook,Positive,3.44
surprisingly wide range of products.expect to see more in the near future.,27-06-2019,google,Positive,3.42
when is it available in iraqi markets,25-06-2024,facebook,Positive,3.4
will that lags like xiaomi phone or filled up with bugs,25-06-2024,facebook,Positive,3.4
pls make a video about their base variations i begur videos are the only one i understand and enjoy watching,24-06-2024,youtube,Positive,3.4
i accept gifts,21-06-2024,facebook,Positive,3.38
thank you for bagde...,21-06-2024,facebook,Positive,3.36
today i bought 43inch mi ultra hd tv before buying the product i request the staff to install the product today only as it is a gift for my parents on the occasion of there anniversary first they said they can install today but after ‚Ä¶,26-06-2020,google,Positive,3.36
i‚Äôll do 0.00001 pushup for every like this comment gets,23-06-2024,youtube,Positive,3.36
cant imagine what phone cameras would look like in the future,23-06-2024,youtube,Positive,3.36
cant imagine what phone cameras would look like in the future,23-06-2024,youtube,Positive,3.36
compare it with vivo x100 prowould love to se blind test poll of camera comparision,23-06-2024,youtube,Positive,3.36
compare it with vivo x100 prowould love to se blind test poll of camera comparision,23-06-2024,youtube,Positive,3.36
thank you for this video on tv galaxy s24 ultra,23-06-2024,youtube,Positive,3.36
i'd be curious about a comparison between the standard xiaomi 14 and s24 mainly because those are the versions i'd actually be considering.,23-06-2024,youtube,Positive,3.34
been using xiaomi for 4 years now because of how cheap their phones are compared to the competition while offering similar specs. the ads in the apps problem isnt an issue for me specifically since i enjoy tweaking things and removed all their ad infested bloatware via adb and installed other apps to do the same tasks. the camera on my current 12 pro is insane even being almost 3 years old. it still runs insanely smoothly too and can handle many mobile games effortlessly. the battery used to be great but after 2 years of usage it's really starting to show its age. but despite this the massive power brick with fast charging can get me back up to 80% in,23-06-2024,youtube,Positive,3.34
been using xiaomi for 4 years now because of how cheap their phones are compared to the competition while offering similar specs. the ads in the apps problem isnt an issue for me specifically since i enjoy tweaking things and removed all their ad infested bloatware via adb and installed other apps to do the same tasks. the camera on my current 12 pro is insane even being almost 3 years old. it still runs insanely smoothly too and can handle many mobile games effortlessly. the battery used to be great but after 2 years of usage it's really starting to show its age. but despite this the massive power brick with fast charging can get me back up to 80% in,23-06-2024,youtube,Positive,3.34
i suggest that the computation of scores should be weighted..not all categories are as important as the other,23-06-2024,youtube,Positive,3.34
price please,23-06-2024,facebook,Positive,3.32
price please,21-06-2024,facebook,Positive,3.32
overall quite surprised at the xiaomi 14 ultra's camera capabilities especially the ai upscaling feature.,23-06-2024,youtube,Positive,3.32
overall quite surprised at the xiaomi 14 ultra's camera capabilities especially the ai upscaling feature.,23-06-2024,youtube,Positive,3.32
i think is right,21-06-2024,facebook,Positive,3.28
right,25-06-2024,facebook,Positive,3.28
well,21-06-2024,facebook,Positive,3.28
i walked into the store and met mr ranjit singh store representative. found him to be knowledgeable and we spoken. he guided me to the right product according to my need. ‚Ä¶,27-06-2019,google,Positive,3.28
your channel is great but the fast paced editing makes me feel knackered lol.i challenge thee to make at least one video with no editing,23-06-2024,youtube,Positive,3.28
on 9th feb at around 710pm i visited to buy a mobile phone under 20k budget but sales person was not interested to show anything and even i asked him number of times to show me some mobile phone but he ignored me like i am invisible.i was with two of my friends and we were surprised to see such ignorance.,26-06-2022,google,Positive,3.26
i visited the mi store to buy a tv but they don't have the latest model on display. i was planning to buy a new 5a model but they showed me the old model. although they explained all the features.....,#VALUE!,google,Positive,3.24
what is he working on right know waiting for package deliveryi need the new video,23-06-2024,youtube,Positive,3.22
what is he working on right know waiting for package deliveryi need the new video,23-06-2024,youtube,Positive,3.22
just a curious question what do you do with cellphones when you're done with the content,23-06-2024,youtube,Positive,3.22
just a curious question what do you do with cellphones when you're done with the content,23-06-2024,youtube,Positive,3.22
how much,25-06-2024,facebook,Positive,3.2
how much ya,25-06-2024,facebook,Positive,3.2
mi home its a owsm becous staff is very gud then gud product knwldge so m very happieee,27-06-2019,google,Positive,3.2
it's very gd experience to visiting this showroom. gd communication with gaurav sharma.,27-06-2019,google,Positive,3.2
very prompt service. must visit place üëçüèª ‚Ä¶,27-06-2019,google,Positive,3.2
nitinthank you so much for delivering immediately at the time i needed mobile.,26-06-2020,google,Positive,3.2
butt cheek pimples really put arun off,23-06-2024,youtube,Positive,3.2
located in the heaof ghaziabad. a place where you can all the latest range of smartphones leds & other accessories offered by xiaomi,26-06-2020,google,Positive,3.18
left and right,21-06-2024,facebook,Positive,3.14
staff not give good service to customer because no anybody pick customer call,26-06-2021,google,Positive,3.14
also in hyoeros when you apply themes the system ui also changes which gives a completely new feel every time,23-06-2024,youtube,Positive,3.14
damn. those photos really look beautiful... but i guess you could get the same processing from the nonultra versions too.,23-06-2024,youtube,Positive,3.14
seat soft leather camel color,24-06-2024,facebook,Positive,3.1
is it just me who wants to see the guy who catches the boxes thrown back there,23-06-2024,youtube,Positive,3.1
redmi a3 never buy redmia3 ito na yata pinaka pangit na unit na ginawa ng xiaomi redmi sobrang gapang facebook palang naka install grabe ang pangit talaga ng performance di efficient nag huhung parang mumurahing celpon masmaganda pang bumili ng infinit‚Ä¶,23-06-2024,facebook,Positive,3.08
i want them all..+ redmi note 13 pro plus,25-06-2024,facebook,Positive,3.08
i want vivo x100pra,21-06-2024,facebook,Positive,3.08
i want to buy 3 pieces,25-06-2024,facebook,Positive,3.08
fast service in work days & on weekend you'll wait ...& sometimes you'll wait so long may be for hours,27-06-2019,google,Positive,3.08
well connected place but not much discount.,30-08-2023,google,Positive,3.04
ÿßŸÑÿ≥ÿπÿ±,23-06-2024,facebook,Neutral,3
price,25-06-2024,facebook,Neutral,3
price,25-06-2024,facebook,Neutral,3
hiii,25-06-2024,facebook,Neutral,3
this is we can insethe sim,25-06-2024,facebook,Neutral,3
hola siento escribir en tu timeline pero te tengo que decir la verdad siempre comparto publicaciones geniales.    me qued√© impresionado cuando vi tus maravillosas publicaciones y hermosas fotos.    ser√≠a muy feliz si te convertieras en mi amigo.    ‚Ä¶,25-06-2024,facebook,Neutral,3
ÿπÿßŸÑŸÖŸä,25-06-2024,facebook,Neutral,3
checkout on this shop on shopee xiaomi mi online,23-06-2024,facebook,Neutral,3
sim suppokorle vlo hoto.,23-06-2024,facebook,Neutral,3
does it have a sim slot,23-06-2024,facebook,Neutral,3
"mending sih ukuran layarnya pas 12""lalu resolusi layar 2k aja&chipset pakai 7 gen 3 plus bisa tambah micro sd/ada varian 512gb",23-06-2024,facebook,Neutral,3
ÿßŸÑÿ≥ÿπÿ±ÿü,23-06-2024,facebook,Neutral,3
u xiaomi jsem u≈æ hodnƒõ dlouho st√°le m√°m doma funkƒçn√≠ mi 6  . nikdy ≈æ√°dn√Ω probl√©m a 14 ultra ta je v√°≈ænƒõ ≈°piƒçka .,25-06-2024,facebook,Neutral,3
brother's why not suppolmc camera the + 5g model..,25-06-2024,facebook,Neutral,3
chega sp brasil anatel,25-06-2024,facebook,Neutral,3
cuando sacan m√≥viles con snapdragon ,25-06-2024,facebook,Neutral,3
hiiii,24-06-2024,facebook,Neutral,3
n√£o recomendo um xiaomi nem ao um inimigo .,25-06-2024,facebook,Neutral,3
cmmmmm comment boookbaeerkisix loup.boolpourrtteeebupgzrnkumaer,25-06-2024,facebook,Neutral,3
left looks formal,25-06-2024,facebook,Neutral,3
what's the difference both,25-06-2024,facebook,Neutral,3
both of course,25-06-2024,facebook,Neutral,3
i will pick between,21-06-2024,facebook,Neutral,3
can i pick both,21-06-2024,facebook,Neutral,3
both of course,22-06-2024,facebook,Neutral,3
model,25-06-2024,facebook,Neutral,3
can i get xiaomi 13 lite spare parts (body frame). it is necessary for my device.,25-06-2024,facebook,Neutral,3
je choisis celui de droite,21-06-2024,facebook,Neutral,3
i think they are same,25-06-2024,facebook,Neutral,3
‡§ï‡§∞ ‡§≤‡§ø‡§Ø‡§æ ‡§π‡•à,25-06-2024,facebook,Neutral,3
i pick both,25-06-2024,facebook,Neutral,3
price,21-06-2024,facebook,Neutral,3
both is xiaomi both.,21-06-2024,facebook,Neutral,3
i'll take both,21-06-2024,facebook,Neutral,3
what is the difference,25-06-2024,facebook,Neutral,3
ÿ¥ÿßŸàŸÖŸä ÿÆÿ±ÿØÿ© Ÿäÿ≥ÿÆŸÜ ÿ¨Ÿáÿßÿ≤ Ÿàÿ≠ÿØŸà,25-06-2024,facebook,Neutral,3
both,25-06-2024,facebook,Neutral,3
which model,25-06-2024,facebook,Neutral,3
gi·ªëng m√¨nh v√£i,25-06-2024,facebook,Neutral,3
kanan,25-06-2024,facebook,Neutral,3
non of both,25-06-2024,facebook,Neutral,3
overpriced item,21-06-2024,facebook,Neutral,3
today i buy a mi 14 pro,25-06-2024,facebook,Neutral,3
ŸÑŸäÿ≥ ŸÑÿØŸä ÿßŸÑŸÖÿßŸÑ ÿπŸÜÿØŸä ÿ±ŸäÿØŸÖŸä ŸÜŸàÿ™ 10 ŸáŸÑ ŸäŸÖŸÉŸÜŸÉŸÖ ÿßÿπÿ∑ÿßÿ¶Ÿä ÿßŸÑÿ∞Ÿä ÿπŸÑŸâ ÿßŸÑŸäŸÖŸäŸÜ,21-06-2024,facebook,Neutral,3
both are same,21-06-2024,facebook,Neutral,3
left as they say.,25-06-2024,facebook,Neutral,3
ÿßŸÑŸäŸÖŸäŸÜ,21-06-2024,facebook,Neutral,3
we are ao inlove with xiaomi,21-06-2024,facebook,Neutral,3
‡πÄ‡∏¢‡∏µ‡πà‡∏¢‡∏°‡πÄ‡∏•‡πà‡∏¢‡∏Ñ‡∏£‡∏±‡∏ö,21-06-2024,facebook,Neutral,3
my name is ashebir,21-06-2024,facebook,Neutral,3
mobile phones,21-06-2024,facebook,Neutral,3
noice,25-06-2024,facebook,Neutral,3
sir tell me about your mi browser,21-06-2024,facebook,Neutral,3
keep up xiaomi.,21-06-2024,facebook,Neutral,3
.,24-06-2024,facebook,Neutral,3
nada zaiter,16-06-2024,facebook,Neutral,3
hi  i am dom from germany,24-06-2024,facebook,Neutral,3
ÿ¨Ÿáÿßÿ≤ ÿ±ŸäÿØŸÖŸâ ŸÜŸàÿ™ 13 ÿ®ÿ±Ÿà ÿ®ŸÑÿ≥ ÿ∫Ÿäÿ± ŸÖÿ™ŸàŸÅÿ± ŸÅŸâ ŸÖÿµÿ±,24-06-2024,facebook,Neutral,3
xiaomi lo mejor de lo mejor,24-06-2024,facebook,Neutral,3
que se tenga teslaaaaaa,24-06-2024,facebook,Neutral,3
xiaomi,24-06-2024,facebook,Neutral,3
hm is that,25-06-2024,facebook,Neutral,3
xiaomi egypt,25-06-2024,facebook,Neutral,3
chookhiamyap.com redmi watch,25-06-2024,facebook,Neutral,3
i have also xiaomi mi 12 pro phone and it's awsome,24-06-2024,facebook,Neutral,3
tok lihai juak bro,24-06-2024,facebook,Neutral,3
across spain,24-06-2024,facebook,Neutral,3
keren sumpah,24-06-2024,facebook,Neutral,3
seems to be a porsche taycan made by xiaomi,24-06-2024,facebook,Neutral,3
xiaomi is luxury,24-06-2024,facebook,Neutral,3
xiaomi products have quality issue,25-06-2024,facebook,Neutral,3
rest 10 yrs,25-06-2024,facebook,Neutral,3
ÿ±Ÿàÿπÿ©,25-06-2024,facebook,Neutral,3
barcelona,25-06-2024,facebook,Neutral,3
keren,24-06-2024,facebook,Neutral,3
xiaomi you nailed it thumbs up,24-06-2024,facebook,Neutral,3
ÿßŸÜÿß ÿπŸÜÿØŸä ÿ™ŸÑŸÅŸàŸÜ xiaomi ŸàŸÑŸÉŸÜ ÿ®ÿ∫Ÿäÿ™ ŸÜÿπÿ±ŸÅ ŸÉŸäŸÅ ŸÜÿπŸÖŸÑ ŸÜŸÉÿ®ÿ± ÿßŸÑÿ¥ÿßÿ¥Ÿá ÿßŸÑŸáÿßÿ™ŸÅ ŸÖÿßŸÑŸä ŸÜŸÖŸàŸÜ ŸÜÿ™ŸÅÿ±ÿ¨ ŸÅ ÿßŸÑŸÅŸäÿØŸäŸà ÿπŸÑŸâ ÿßŸÑŸÅŸäÿ≥ÿ®ŸàŸÉ ÿ£ŸàÿπŸÑŸâ ŸäŸàÿ™Ÿàÿ®,24-06-2024,facebook,Neutral,3
it should be gasoline,24-06-2024,facebook,Neutral,3
xiaomi king,24-06-2024,facebook,Neutral,3
su7,24-06-2024,facebook,Neutral,3
my house,24-06-2024,facebook,Neutral,3
gondo,25-06-2024,facebook,Neutral,3
copypaste porsche taycan   can‚Äôt make nothing original‚Ä¶.,25-06-2024,facebook,Neutral,3
phone r good.....redmi note 13 series,27-01-2024,google,Neutral,3
availability of the devices is good.behavior of staff is excellent.commitment is on priority and delivered product at doorstep...thanks,26-06-2020,google,Neutral,3
ranjeet singh.as such a nyc staff who deal me in his store..excellent work.,27-06-2019,google,Neutral,3
man that catchÔ∏è,23-06-2024,youtube,Neutral,3
"that ""aliens might have chest hair"" stuff   blown me away",23-06-2024,youtube,Neutral,3
i'm here to contribute nothing to the comment section,23-06-2024,youtube,Neutral,3
let's gooo.thanks man i was waiting for this.,23-06-2024,youtube,Neutral,3
where do i buy the xiaomi 14 ultra im from the us,24-06-2024,youtube,Neutral,3
thinking step up rings are decorative hahah,24-06-2024,youtube,Neutral,3
i was waiting for this video,23-06-2024,youtube,Neutral,3
where do i buy the xiaomi 14 ultra im from the us,24-06-2024,youtube,Neutral,3
thinking step up rings are decorative hahah,24-06-2024,youtube,Neutral,3
i was waiting for this video,23-06-2024,youtube,Neutral,3
a cam comparison of the 2 phones including moon zoom shots would be gr8...,23-06-2024,youtube,Neutral,3
a cam comparison of the 2 phones including moon zoom shots would be gr8...,23-06-2024,youtube,Neutral,3
brother can you make samsung s24 ultra vs google pixel 8 pro,23-06-2024,youtube,Neutral,3
you should make a video about  the different types of keyboard switches,23-06-2024,youtube,Neutral,3
you should make a video about  the different types of keyboard switches,23-06-2024,youtube,Neutral,3
let's go i've been waiting for this,23-06-2024,youtube,Neutral,3
isn‚Äôt one of those camera rings you said was just for show actually a threaded filter adapter so you can use photographic filters on the xiaomi,24-06-2024,youtube,Neutral,3
isn‚Äôt one of those camera rings you said was just for show actually a threaded filter adapter so you can use photographic filters on the xiaomi,24-06-2024,youtube,Neutral,3
i was waiting for this,23-06-2024,youtube,Neutral,3
what editing software do you use,23-06-2024,youtube,Neutral,3
what editing software do you use,23-06-2024,youtube,Neutral,3
finally someone calling out xiaomis movie mode why can't they add 4k30 on the front and back it would have been my next phone if it only had that.,23-06-2024,youtube,Neutral,3
your box catcher got caught in lens,24-06-2024,youtube,Neutral,3
good. camera is not so good  features speed body is good.,05-06-2024,amazon,Neutral,3
not as expected. it shows 8 gb ram i expected it will not face lagging issue i just used for two days and its not at its expectation,20-06-2024,amazon,Neutral,3
sound volume low. i have used redmi 9 power before and this phone has also low sound unable to hear ringtone in busy road.,05-06-2024,amazon,Neutral,3
voice not clarity. poor signals catching. model and camera gud.signal catching poorvoice problem,20-06-2024,amazon,Neutral,3
good. good product nice hand set thank you,19-06-2024,amazon,Neutral,3
camera not upto expectation. camera not good,11-06-2024,amazon,Neutral,3
average phone..processor too slow.. processor too slow,22-06-2024,amazon,Neutral,3
"no guide book inside box.the seller didn't give info about product. not satisfied because the seller didn't give brochure or guide book.even buttons in the cell phone not known to the customer.the seller gave some box mentioning 8 gb ram 128 gb volume. the box is not relevant to selling item.  no guide bookno brochurehow to stathe phone..amazon  has to re think to give order to ""darshita assiyana pvt ltdchettipalayamcoimbatore.""basic sense of backing not available. i think they have sold very old stock.existing cell send to customer",30-04-2024,amazon,Neutral,3
"i m fed up with this.. if you can see the uploded screenshot their is promt"" press again to exit"". the prompt is normal however it remains on the screen for very long time. similar promot or notification appers while using many other apps and it literally covers screen. especially keyboard. can anybody explain what kind of notification is this and how to get rid of it",08-05-2024,amazon,Neutral,3
my opionion is 5050. these mobiles consumes more memory  and heats very well and slow charge because of 18w charger,02-06-2024,amazon,Neutral,3
not good. last december i purchase the phone.till the february the call recording app was not working.,06-05-2024,amazon,Neutral,3
good product. did not receive fast charger. only received normal charger,04-06-2024,amazon,Neutral,3
value of money. low display quality,01-06-2024,amazon,Neutral,3
overheats a lot...... the overall phone design and appearance looks perfect but the most important and frustrating thing is it's problem of overheating just after using it for 3040 mins.... i also experienced a bit of framedrops while watching yt and the screen laggs often.,06-05-2024,amazon,Neutral,3
finally watching your 14 ultra video...i've been waiting for this video for a long time...,23-06-2024,youtube,Negative,2.98
finally watching your 14 ultra video...i've been waiting for this video for a long time...,23-06-2024,youtube,Negative,2.98
i have been thinking about getting the zenfone 10 and now im gonna get the xaomi thank you mrwhosetheboss ive been watching your videos for aout 7 years now and its crazy how you went from so quiet to so open so quickly keep it up,23-06-2024,youtube,Negative,2.96
i cant feel my legs because i sat to too long on the toilet,23-06-2024,youtube,Negative,2.96
how come they give you a non working television when it got stamped qc tested. took me 14 days to get a replacement. plus the picture quality is not that great... better to go for samsung or sony. i will not recommend it a bit. customer care is hopeless and clueless,26-06-2020,google,Negative,2.94
xiaomi in 2024 deliberately disabled millions of smartphones with an update to the hyper os operating system,22-06-2024,facebook,Negative,2.8
i have the a15 5g and im ngl within a few seconds you pointed out somethings i never knew/payed attention to on my phone.,23-06-2024,youtube,Negative,2.8
what almost seems hypocritical is we all are ok with being the product for the biggest advertising company (google) and facebook but we crib about some other other company that shows you ads but also gives you the option to turn them off. anyway if you are buying a xiaomi product (including redmi poco) none of these chinese apps come preinstalled. instead you get a lot of american bloatware that cannot be u installed like google one google home google drive google health connect (beta) netflix walmaphonepe facebook. even the nifty mi dialer has been replaced with google dialer in some models. google messages come preinstalled along with mi message.and there is no way you can get rid of them unless you install a different rom.,23-06-2024,youtube,Negative,2.76
what almost seems hypocritical is we all are ok with being the product for the biggest advertising company (google) and facebook but we crib about some other other company that shows you ads but also gives you the option to turn them off. anyway if you are buying a xiaomi product (including redmi poco) none of these chinese apps come preinstalled. instead you get a lot of american bloatware that cannot be u installed like google one google home google drive google health connect (beta) netflix walmaphonepe facebook. even the nifty mi dialer has been replaced with google dialer in some models. google messages come preinstalled along with mi message.and there is no way you can get rid of them unless you install a different rom.,23-06-2024,youtube,Negative,2.76
does it have screen not responding problems because that's why i haven't bought a new xiaomi phone again my current one is frustrating.,23-06-2024,facebook,Negative,2.74
still limited to xiaomi 14 (ultra) only or not,23-06-2024,facebook,Negative,2.74
the new rom is not capable with ui and systems operation,25-06-2024,facebook,Negative,2.72
bro just pissed off the mi in the entire video and gave all the cool details at the last minute by giving no points to it,23-06-2024,youtube,Negative,2.72
bro just pissed off the mi in the entire video and gave all the cool details at the last minute by giving no points to it,23-06-2024,youtube,Negative,2.72
i might be bias here but the suppoi've received from xiaomi for example with unlocking the bootloader out weighs the a lot of the down sides with their device.  sent from redmi note 9t.awesome video stay epic.edit in south africa (where i live) samsung suppois usually done by the mobile service providers which does not rank well globally.  where as xiaomi suppois usually handled by xiaomi.  which would confirm the difference as the service providers does not really care about the phone's brand.  i don't think this is subjective rather just a limited experience. thanks for the replies hope which ever device you are using or looking to use serves you well.,23-06-2024,youtube,Negative,2.72
i might be bias here but the suppoi've received from xiaomi for example with unlocking the bootloader out weighs the a lot of the down sides with their device.  sent from redmi note 9t.awesome video stay epic.edit in south africa (where i live) samsung suppois usually done by the mobile service providers which does not rank well globally.  where as xiaomi suppois usually handled by xiaomi.  which would confirm the difference as the service providers does not really care about the phone's brand.  i don't think this is subjective rather just a limited experience. thanks for the replies hope which ever device you are using or looking to use serves you well.,23-06-2024,youtube,Negative,2.72
next stop mwc24,25-06-2024,facebook,Negative,2.7
i have installed  version update in my mobile redmi note 11 pro plus after that the sound of calling speaker has become very low and dual speaker is also not working.. please give any suggestion for this.,25-06-2024,facebook,Negative,2.68
xiaomi 14 lite delay,23-06-2024,facebook,Negative,2.68
on two different occasions the xiaomi displays your jacket in two different tonesfirst black (while s24u depicts it navy blue ) and later it is navy blue.so no the software isn't there yet.,24-06-2024,youtube,Negative,2.68
my mobile redmi note 13 4g incoming call after display on.. but incoming call running time lock screen time cover after display off. proximity sensor not work  please give any suggestion for this.,25-06-2024,facebook,Negative,2.66
so no android ,23-06-2024,facebook,Negative,2.64
hi mrwhosetheboss i have been wondering if you could make a video of laptops brand fighting asus msi and lenovo,23-06-2024,youtube,Negative,2.64
hi mrwhosetheboss i have been wondering if you could make a video of laptops brand fighting asus msi and lenovo,23-06-2024,youtube,Negative,2.64
i do not advise anyone to buy xiaomi phones because they have many problems. my phone stopped working for no reason and when i inquired about the reason they told me that it was a problem with the processor. this problem is from the company and happe‚Ä¶,25-06-2024,facebook,Negative,2.62
those problems are all fixable from setting  i didn't expect this from you a a ron,23-06-2024,youtube,Negative,2.6
those problems are all fixable from setting  i didn't expect this from you a a ron,23-06-2024,youtube,Negative,2.6
what they guy behind you doing on the ground,23-06-2024,youtube,Negative,2.6
what they guy behind you doing on the ground,23-06-2024,youtube,Negative,2.6
bro would not have this whole trouble if he just turned off '2' toggles while setting the phone for the first time which is already disabled by default in global variant of the same smartphone,23-06-2024,youtube,Negative,2.6
that drop down menu in the stais legit an apple copy and im not even a fanboy of apple,23-06-2024,youtube,Negative,2.58
arun's getting more crazy daily  he be dropping phones as if its a peice of cake..,23-06-2024,youtube,Negative,2.56
arun's getting more crazy daily  he be dropping phones as if its a peice of cake..,23-06-2024,youtube,Negative,2.56
good but not best,26-04-2024,google,Negative,2.54
went to buy robot vacuum mop but their demo model was faulty üòÇ ‚Ä¶,26-06-2022,google,Negative,2.54
worst service. they haven't come for installation. neither have they delivered the free speaker,26-06-2022,google,Negative,2.5
it's still crazy how expensive peripherals like case and screen protectors are over there,23-06-2024,youtube,Negative,2.48
it's still crazy how expensive peripherals like case and screen protectors are over there,23-06-2024,youtube,Negative,2.48
khit ano po left or right...i luv xiaomi.any device.can i have one of them..for gift.thank.and godbless..,21-06-2024,facebook,Negative,2.44
i hate when companies can‚Äôt come up with original names.,23-06-2024,youtube,Negative,2.44
i hate when companies can‚Äôt come up with original names.,23-06-2024,youtube,Negative,2.44
problem is still politics in europe why chinese ev cars are not much sold spec.here in sweden what is the problem with chinese ev cars byd xpeng and fue others got 5 stars in euroncap safety test full points problem is politics in europe because they‚Ä¶,24-06-2024,facebook,Negative,2.42
what voodoo is that damn near broke my brain,23-06-2024,youtube,Negative,2.42
no problem both are niiiiiiiiccccccceeeeeeeee,21-06-2024,facebook,Negative,2.4
i'm really not sure about some of the software issues. did you allow some weird website to send you notification while using the browser and did you opt into lockscreen during suw because i have none of those on my phone.,23-06-2024,youtube,Negative,2.36
i'm really not sure about some of the software issues. did you allow some weird website to send you notification while using the browser and did you opt into lockscreen during suw because i have none of those on my phone.,23-06-2024,youtube,Negative,2.36
sales personnel was not interested in selling . very cold response. that's why mi market is going down .,31-07-2023,google,Negative,2.34
i mean i always shoot in 1920x1080,23-06-2024,youtube,Negative,2.34
the road you have walked will become the scenery in your memories all your experiences will become your wealth the burdens you once had will become your gifts the suffering you have suffered will illuminate your future path.,24-06-2024,facebook,Negative,2.32
this is the worst mobile ever you will regret it after buying it so it is better to avoid it because i am using note 13 and it hangs many times,21-06-2024,facebook,Negative,2.28
this tablet have a problem with the game fortnite,24-06-2024,facebook,Negative,2.2
still putting ads in a premium flagship phone is almost criminal.,23-06-2024,youtube,Negative,2.2
the store is well maintained but the staff is highly unprofessional and rude in behaviour.i just visited the store with intent to buy a new mobile phone and a tv  but ‚Ä¶,26-06-2020,google,Negative,2.14
useless making tablets without pen making tablets without a sim connectivity.,25-06-2024,facebook,Negative,2.08
may be mi will be good but they give's worst installation service just only because that's free. if you guys going to buy mi product then call any private man for installation because mi service's is worst in comparison to any other. they only can gives excuses to their customer.,26-06-2020,google,Negative,2.08
very rude behavior they don't know how to deal customers. only misbehaving,26-06-2022,google,Negative,2.08
there is a negative sales here they want to sell mobile what they want  they manipulate the customer by saying negative feedback for particular model or not in stock,27-06-2019,google,Negative,2.08
i have given two stars less. because the staff does not show any interest to their customers and have very dull behavior.,26-06-2021,google,Negative,2.06
post mi 10 note all phones hav defective os full of bugs it hangs a lot also so many mistakes in os .. no one to suppoin india .. no replacemnt or retuns .. worst cameras,23-06-2024,facebook,Negative,2.02
bad services. staff is very arrogant. they just try to lure you to buy products and as soon as you bought something and got any issue they will not entertain you. ‚Ä¶,26-06-2020,google,Negative,1.92
i've been watching your videos since 201920 and the improvements are insane,23-06-2024,youtube,Negative,1.9
i've been watching your videos since 201920 and the improvements are insane,23-06-2024,youtube,Negative,1.9
very rude lack of knowledge staff. they do mistake and later blame customer. not ready to accept their fault. when ask for manager number  cut the call.,26-06-2021,google,Negative,1.88
bad experience,26-02-2024,google,Negative,1.76
worst experience of customer suppofrom the persons available at the store. they deny their commitmenta. worst way to talk to customers.,26-06-2021,google,Negative,1.58
useless and pathetic brand and service even after 1 year xiaomi mi 11 lite  mobile phone stopped working service centers don't care to solve this problem.  my brother has the same problem,25-06-2024,facebook,Negative,1.54
horrible hyperos,23-06-2024,facebook,Negative,1.46
worst behaviour........cash counter people...... gossips to customer .....very bad experience.staff looks educated but are very rude and should learn the way to talk. ‚Ä¶,26-06-2021,google,Negative,1.44
useless  and pathetic brand and serviceeven after 1 year xiaomi 11t mobile phone has stopped  workingand service  centers doesn't bother  to  solve this problem.,23-06-2024,facebook,Negative,1.38
lots of complaints this must be a terrible product indeed.,23-06-2024,facebook,Negative,1.3
